Creation , Production started , Production complete , Type
2.4440426583246784 , 2.4440426583246784 , 5.670567952126342 , 0
2.3573162904748735 , 2.3573162904748735 , 5.849411883385555 , 0
2.3657037834716 , 5.849411883385555 , 6.882086795686968 , 0
3.656795826922921 , 5.670567952126342 , 7.977010443128014 , 0
4.01081231583023 , 7.977010443128014 , 10.938194198974653 , 0
8.73790455295493 , 8.73790455295493 , 11.207480343283322 , 0
11.980609630559936 , 11.980609630559936 , 13.664014075624731 , 0
8.777924999906938 , 11.207480343283322 , 13.72114109477139 , 0
12.433886739929132 , 13.664014075624731 , 14.383745853430637 , 0
11.722675443989452 , 13.72114109477139 , 16.76424583755964 , 0
13.161356680820745 , 14.383745853430637 , 16.93991006609966 , 0
14.185894531827106 , 16.93991006609966 , 20.143601768804093 , 0
13.908464426984915 , 16.76424583755964 , 20.572857361944777 , 0
17.3306025621353 , 20.572857361944777 , 22.50522606339118 , 0
21.28128765563301 , 21.28128765563301 , 24.118218625919447 , 0
21.14710914206317 , 22.50522606339118 , 26.42064940695693 , 0
23.752721579546556 , 24.118218625919447 , 26.811080652046783 , 0
23.326127620635134 , 26.42064940695693 , 28.09504164640574 , 0
24.254798925335958 , 26.811080652046783 , 28.31954599482665 , 0
24.86293869070692 , 28.09504164640574 , 28.97217423238466 , 0
26.56644316651667 , 28.97217423238466 , 30.334878097832437 , 0
24.760162923892146 , 28.31954599482665 , 30.682727479253714 , 0
27.553362211820186 , 30.334878097832437 , 33.40919595807547 , 0
26.672790037720578 , 30.682727479253714 , 33.485601816646536 , 0
29.840962575090572 , 33.40919595807547 , 35.76682003703944 , 0
27.399579460612433 , 33.485601816646536 , 37.07839977942028 , 0
33.46361922281706 , 35.76682003703944 , 38.663645794995254 , 0
32.72448785372204 , 37.07839977942028 , 38.66740297625369 , 0
33.80353513283727 , 38.66740297625369 , 39.729486059612384 , 0
34.310748592842664 , 38.663645794995254 , 40.08457947957965 , 0
38.18584173492265 , 40.08457947957965 , 42.71757613333459 , 0
40.68432975806303 , 42.71757613333459 , 44.03091390309805 , 0
37.47750117435587 , 39.729486059612384 , 44.77075366778897 , 0
43.674289431220984 , 44.03091390309805 , 46.158420056001 , 0
39.07372788661234 , 44.77075366778897 , 47.42187441686534 , 0
42.22436765649718 , 47.42187441686534 , 47.43854108353201 , 0
45.21664589420465 , 46.158420056001 , 48.28719392563804 , 0
46.040437142384356 , 48.28719392563804 , 48.93857069843869 , 0
45.37898991270296 , 47.43854108353201 , 49.008158023761034 , 0
48.50498981533598 , 49.008158023761034 , 49.704438578698976 , 0
46.586035514530195 , 48.93857069843869 , 51.96721067930835 , 0
50.674981582442314 , 50.674981582442314 , 54.47671951979085 , 0
48.978176419520175 , 51.96721067930835 , 54.843275014095525 , 0
50.80484435514254 , 54.47671951979085 , 56.6940024689922 , 0
51.21459681542693 , 54.843275014095525 , 57.66366413272749 , 0
51.55781504594533 , 57.66366413272749 , 58.65299866900197 , 0
51.14718630610657 , 56.6940024689922 , 60.87699791787202 , 0
58.54948035859376 , 58.54948035859376 , 61.96815023015083 , 0
52.14376288924581 , 58.65299866900197 , 62.12303633965578 , 0
51.27135205437144 , 60.87699791787202 , 63.09021878161229 , 0
56.06084259644097 , 62.12303633965578 , 64.35068700053563 , 0
60.29505031172164 , 61.96815023015083 , 64.47487654333436 , 0
54.476932040935296 , 63.09021878161229 , 65.72061289200904 , 0
61.08906001682418 , 64.47487654333436 , 66.01209448407914 , 0
61.23543913652897 , 66.01209448407914 , 67.39516433677525 , 0
61.495843470097356 , 67.39516433677525 , 67.41183100344192 , 0
56.39996381990116 , 64.35068700053563 , 68.19677217237559 , 0
62.0735915831706 , 67.41183100344192 , 69.07122342439366 , 0
56.17709058326534 , 65.72061289200904 , 69.7272704994602 , 0
65.42175766079019 , 69.07122342439366 , 70.60439938201588 , 0
58.07251969397068 , 68.19677217237559 , 70.82313375881334 , 0
57.359835059781375 , 69.7272704994602 , 71.37632739219067 , 0
59.74640166393603 , 70.82313375881334 , 72.9849475019941 , 0
61.69517761044909 , 71.37632739219067 , 74.30449951736492 , 0
66.54113019890748 , 70.60439938201588 , 74.43803346558477 , 0
63.55012915078554 , 72.9849475019941 , 74.91311370340745 , 0
63.43909833269796 , 74.30449951736492 , 75.08305705007125 , 0
67.2220629376403 , 74.91311370340745 , 75.31246286544913 , 0
72.78938378790193 , 75.31246286544913 , 77.63086371517258 , 0
67.1249248949416 , 75.08305705007125 , 78.24398680014868 , 0
67.83335524916242 , 74.43803346558477 , 78.52248814733632 , 0
74.93881292868151 , 77.63086371517258 , 79.63610873664281 , 0
68.88689574088066 , 78.52248814733632 , 81.01102112432488 , 0
72.20878351760992 , 78.24398680014868 , 81.6138601918983 , 0
71.06765487677214 , 81.01102112432488 , 83.20459130675614 , 0
74.60384362062108 , 83.20459130675614 , 83.64409466040897 , 0
77.36623895643547 , 81.6138601918983 , 85.05219862909911 , 0
77.98144083680005 , 85.05219862909911 , 86.98334126057186 , 0
81.8627036845867 , 83.64409466040897 , 87.22880287175342 , 0
85.7583266606891 , 85.7583266606891 , 88.46789693531785 , 0
82.51761594275531 , 86.98334126057186 , 90.37765531340406 , 0
83.17160891897296 , 87.22880287175342 , 90.95898108130578 , 0
85.13451488251685 , 90.37765531340406 , 92.73124679285135 , 0
83.39455328356914 , 90.95898108130578 , 94.21856044978179 , 0
85.5782535150719 , 92.73124679285135 , 94.50301268372715 , 0
84.85938366370029 , 94.21856044978179 , 96.08507292150708 , 0
85.66242099297266 , 96.08507292150708 , 96.39435277239012 , 0
94.85973352626446 , 94.85973352626446 , 98.60021015749619 , 0
85.66537279403911 , 94.50301268372715 , 98.71673112143317 , 0
88.22391852538576 , 96.39435277239012 , 99.47322820841202 , 0
90.28694381618294 , 98.71673112143317 , 101.21124572957753 , 0
97.31417019620625 , 98.60021015749619 , 101.32460332723242 , 0
92.68273345558447 , 99.47322820841202 , 102.34409821397023 , 0
94.53004529482222 , 102.34409821397023 , 102.48695196160484 , 0
99.96419968824219 , 101.32460332723242 , 103.68673822034671 , 0
92.74179544284087 , 101.21124572957753 , 104.72777506856745 , 0
100.97928529333467 , 103.68673822034671 , 105.53734020790745 , 0
96.64424145305662 , 102.48695196160484 , 105.73964985663004 , 0
94.12470646878418 , 104.72777506856745 , 106.37997765258204 , 0
97.07517871905769 , 105.73964985663004 , 107.92715611853387 , 0
102.40025964265391 , 105.53734020790745 , 108.12298178582564 , 0
102.42268266437341 , 108.12298178582564 , 110.44051144772773 , 0
94.54415424257708 , 106.37997765258204 , 110.97427239522878 , 0
103.77663505935571 , 110.44051144772773 , 111.41626283766729 , 0
99.82058038455854 , 107.92715611853387 , 112.88960874860982 , 0
99.46491642438232 , 110.97427239522878 , 114.06941750594947 , 0
106.8327991103854 , 111.41626283766729 , 114.1781597574493 , 0
102.71448346748646 , 112.88960874860982 , 116.17644606262465 , 0
104.63454195537038 , 114.06941750594947 , 117.97759554063671 , 0
116.14686961860758 , 116.14686961860758 , 119.00170717139719 , 0
109.64953089149931 , 114.1781597574493 , 119.20587914055969 , 0
105.39334169891147 , 117.97759554063671 , 119.49936815538126 , 0
102.80461278516682 , 116.17644606262465 , 120.15641055670363 , 0
111.67862054020772 , 119.49936815538126 , 121.00729037322475 , 0
116.82307323337905 , 119.00170717139719 , 122.18552342366216 , 0
107.61327834522537 , 120.15641055670363 , 122.65763971384092 , 0
110.60508176535886 , 119.20587914055969 , 123.06122926527031 , 0
111.71669039563324 , 121.00729037322475 , 123.80774833990486 , 0
111.71188187991534 , 123.06122926527031 , 125.13746471028546 , 0
114.63373040231686 , 123.80774833990486 , 125.32824548001665 , 0
110.05735458827729 , 122.65763971384092 , 125.48930095166993 , 0
113.7377572263094 , 125.13746471028546 , 126.70917841647368 , 0
118.18911918610664 , 122.18552342366216 , 127.06375884670638 , 0
119.73889755726394 , 125.32824548001665 , 127.46588213025731 , 0
113.21763489807182 , 125.48930095166993 , 128.56903902544278 , 0
115.23895936043307 , 126.70917841647368 , 130.00039051237317 , 0
116.438743798415 , 128.56903902544278 , 130.36855346860582 , 0
118.50217058853693 , 127.06375884670638 , 130.58422732325303 , 0
121.06522310526539 , 127.46588213025731 , 131.70042348404408 , 0
122.00749486931385 , 131.70042348404408 , 131.71709015071076 , 0
123.30995259577803 , 130.00039051237317 , 131.74114919257036 , 0
121.22442648925954 , 130.36855346860582 , 134.53565660713593 , 0
118.84967653052004 , 130.58422732325303 , 135.04025742341213 , 0
125.74168943573426 , 131.71709015071076 , 135.2137311530784 , 0
126.02534291912839 , 131.74114919257036 , 136.49622537574 , 0
120.80528499708092 , 135.04025742341213 , 136.88816121775764 , 0
127.85969005770615 , 135.2137311530784 , 136.9425379524167 , 0
128.61419176288544 , 136.49622537574 , 138.02000006198278 , 0
132.7988688055167 , 136.9425379524167 , 138.33903672194407 , 0
125.59182574918998 , 134.53565660713593 , 139.73543606596527 , 0
124.4774517737985 , 136.88816121775764 , 139.77829989717227 , 0
131.52134193722526 , 139.77829989717227 , 141.3414969437167 , 0
135.32192591624647 , 138.33903672194407 , 141.40850404096517 , 0
135.74454510008718 , 138.02000006198278 , 141.41940138901103 , 0
126.28023501511373 , 139.73543606596527 , 141.62890408692408 , 0
138.00196750388582 , 141.40850404096517 , 143.30858658012423 , 0
135.0652801155967 , 141.62890408692408 , 144.0496908716101 , 0
136.6494619757065 , 141.41940138901103 , 144.53951585961337 , 0
136.03765731010614 , 141.3414969437167 , 144.72931916868507 , 0
138.5060336801821 , 143.30858658012423 , 144.87815688068287 , 0
138.03502507202737 , 144.53951585961337 , 146.54787873244805 , 0
138.9662458077868 , 144.72931916868507 , 147.00675566945105 , 0
141.77184599539822 , 147.00675566945105 , 148.18156794785554 , 0
143.26378250233392 , 144.87815688068287 , 148.42564176854376 , 0
145.9548468955975 , 148.18156794785554 , 151.25818326403143 , 0
143.76853792023076 , 148.42564176854376 , 151.92313251377936 , 0
146.9752096120343 , 151.25818326403143 , 152.80897289178031 , 0
153.03171655459735 , 153.03171655459735 , 153.58689834627125 , 0
146.0274685297842 , 151.92313251377936 , 153.59472593581395 , 0
150.92056872936885 , 152.80897289178031 , 156.1653884104836 , 0
153.31290916123405 , 153.58689834627125 , 156.6418658143407 , 0
151.03668513584023 , 153.59472593581395 , 157.10532204971634 , 0
153.39533484533865 , 156.6418658143407 , 157.77188345193028 , 0
153.34801088756348 , 157.10532204971634 , 160.38957261820474 , 0
155.04103474972098 , 157.77188345193028 , 160.97628510813374 , 0
153.63626354872787 , 160.38957261820474 , 163.20644088659213 , 0
156.2698884133367 , 160.97628510813374 , 164.2600004470216 , 0
155.1817503426683 , 163.20644088659213 , 166.15702592613627 , 0
156.78428757177736 , 164.2600004470216 , 166.34294911797295 , 0
156.45703133196594 , 166.15702592613627 , 168.39532587816907 , 0
159.871642870813 , 166.34294911797295 , 168.5634005856509 , 0
161.98834816111201 , 168.5634005856509 , 169.43492118409017 , 0
157.29690434172528 , 168.39532587816907 , 170.37743230767921 , 0
165.96607585256865 , 169.43492118409017 , 171.1607016094955 , 0
165.40961860516623 , 170.37743230767921 , 172.5133979481855 , 0
166.4780492156246 , 172.5133979481855 , 174.02784751681685 , 0
166.73585516444976 , 171.1607016094955 , 174.9394822772017 , 0
170.1881606166454 , 174.02784751681685 , 175.3221967463523 , 0
170.139588184419 , 174.9394822772017 , 176.31880550795196 , 0
170.19050633770067 , 176.31880550795196 , 178.27893125442833 , 0
170.7546280715631 , 175.3221967463523 , 178.88212640175897 , 0
172.21827997009345 , 178.27893125442833 , 179.78490693246 , 0
175.87432754791496 , 178.88212640175897 , 182.8015020366381 , 0
181.10975702302173 , 181.10975702302173 , 183.73198092241063 , 0
178.16424580500853 , 182.8015020366381 , 184.5791083222864 , 0
183.6943691251965 , 184.5791083222864 , 187.6520832949236 , 0
182.0609650613059 , 183.73198092241063 , 187.9945333594039 , 0
184.86188377028662 , 187.9945333594039 , 190.89134180319155 , 0
185.1957467735468 , 187.6520832949236 , 191.09376153971363 , 0
185.39023978126284 , 191.09376153971363 , 193.92703828870842 , 0
185.644845554801 , 190.89134180319155 , 194.55623281897593 , 0
187.3573223308969 , 193.92703828870842 , 194.85833298108204 , 0
189.12680021992625 , 194.55623281897593 , 195.81206942157766 , 0
189.1688239975898 , 194.85833298108204 , 197.1559039898508 , 0
189.8876344746945 , 195.81206942157766 , 198.67949949699124 , 0
197.1114952762435 , 197.1114952762435 , 198.8747325745715 , 0
193.70648040759272 , 198.67949949699124 , 199.20826211761351 , 0
191.9209103800727 , 197.1559039898508 , 200.2552723145784 , 0
196.0845565392306 , 199.20826211761351 , 201.77027665919218 , 0
198.96124824666475 , 198.96124824666475 , 202.3618925329109 , 0
196.50103693158414 , 201.77027665919218 , 203.24154208293248 , 0
195.92587119969997 , 200.2552723145784 , 203.91313087399575 , 0
196.94842268143015 , 203.24154208293248 , 205.43752998218577 , 0
196.2750229011421 , 203.91313087399575 , 206.88703874209608 , 0
199.13181943511034 , 202.3618925329109 , 206.92056485203221 , 0
198.7561632720245 , 205.43752998218577 , 207.75459880057934 , 0
200.20155383182924 , 206.92056485203221 , 209.18180005533372 , 0
196.50536771833598 , 206.88703874209608 , 209.65958675734595 , 0
203.38301638068884 , 207.75459880057934 , 210.43870137815517 , 0
198.67202831695042 , 209.65958675734595 , 211.87480129555462 , 0
200.50968523533774 , 209.18180005533372 , 212.0305507499755 , 0
201.50745788448017 , 211.87480129555462 , 212.69449973174937 , 0
210.06144428897915 , 212.69449973174937 , 214.20683188860932 , 0
200.87079014613784 , 212.0305507499755 , 214.8717436520399 , 0
211.35875992443215 , 214.20683188860932 , 217.242156157495 , 0
209.9378300762495 , 214.8717436520399 , 217.65147185163792 , 0
215.8381674223756 , 215.8381674223756 , 219.51812943432188 , 0
210.40473004043696 , 217.65147185163792 , 220.75738246607753 , 0
211.57690053667247 , 220.75738246607753 , 223.1265788657237 , 0
216.63363824432352 , 219.51812943432188 , 223.44093388320826 , 0
219.5390625313472 , 223.44093388320826 , 224.01221760046036 , 0
223.26341914394135 , 223.26341914394135 , 225.4512383835571 , 0
218.17353699457826 , 223.1265788657237 , 226.42140205452682 , 0
223.37483005597514 , 225.4512383835571 , 226.55921760789215 , 0
219.67760025836628 , 224.01221760046036 , 227.12765400239965 , 0
225.26552886714137 , 226.55921760789215 , 230.04865009208368 , 0
225.03830744264832 , 227.12765400239965 , 231.00749269247459 , 0
227.38987521369626 , 231.00749269247459 , 232.33615449240034 , 0
225.80916057727552 , 230.04865009208368 , 234.7948076928847 , 0
229.07903820252267 , 232.33615449240034 , 235.30773974336762 , 0
227.7015366025375 , 234.7948076928847 , 237.9823031928967 , 0
232.39432344880282 , 235.30773974336762 , 238.4730437852426 , 0
230.4429642725883 , 237.9823031928967 , 241.44526243020738 , 0
232.54849525609833 , 238.4730437852426 , 243.18675228469414 , 0
230.7241428843602 , 241.44526243020738 , 243.92482729983556 , 0
237.11724590484155 , 243.92482729983556 , 245.30435429287172 , 0
244.40307944075636 , 244.40307944075636 , 247.62131023141134 , 0
232.89904073495202 , 243.18675228469414 , 247.71630096169758 , 0
244.5242716777394 , 247.62131023141134 , 247.7316041630652 , 0
239.02436166235123 , 245.30435429287172 , 248.12476173448593 , 0
245.74241781089157 , 247.7316041630652 , 249.23200047940426 , 0
240.69649173245764 , 248.12476173448593 , 249.9878897135369 , 0
237.50497267835811 , 247.71630096169758 , 249.99245391444862 , 0
246.4034168708231 , 249.23200047940426 , 251.6811976304668 , 0
247.47934494592522 , 251.6811976304668 , 252.7581365827727 , 0
239.57752745806454 , 249.99245391444862 , 253.226318103542 , 0
241.89725491971464 , 249.9878897135369 , 253.78591268740652 , 0
242.81962878602806 , 253.226318103542 , 254.56229205756648 , 0
243.87042864354132 , 254.56229205756648 , 256.49473103170374 , 0
244.29684665259597 , 253.78591268740652 , 256.758793442061 , 0
249.91226347538768 , 252.7581365827727 , 256.8141115369062 , 0
252.42831491405684 , 256.8141115369062 , 258.2120786121252 , 0
251.42041154447242 , 256.758793442061 , 258.5840122771272 , 0
252.81504074046777 , 258.2120786121252 , 259.63577474644876 , 0
253.4987343873739 , 256.49473103170374 , 260.30672899029935 , 0
255.9991390839836 , 260.30672899029935 , 261.8854553419523 , 0
253.70879202694903 , 259.63577474644876 , 262.44182039547434 , 0
254.57812720801618 , 258.5840122771272 , 262.905319895391 , 0
256.426356901301 , 261.8854553419523 , 263.46097555279334 , 0
256.0518468860425 , 262.905319895391 , 265.7581192422551 , 0
256.4268407285587 , 262.44182039547434 , 266.6661300664969 , 0
261.8073382766848 , 263.46097555279334 , 267.9453713965423 , 0
259.60596127641594 , 266.6661300664969 , 268.76511115659713 , 0
258.02720055070097 , 265.7581192422551 , 269.5935268161181 , 0
262.6087799467578 , 267.9453713965423 , 272.043606976916 , 0
259.74388858226297 , 268.76511115659713 , 272.3480005266168 , 0
261.84199805393473 , 269.5935268161181 , 272.4152665288474 , 0
270.83011760175515 , 270.83011760175515 , 273.81394043131945 , 0
264.2217721164507 , 272.4152665288474 , 274.1635690004559 , 0
262.9244799273654 , 272.3480005266168 , 274.9719799855056 , 0
263.5361008675034 , 272.043606976916 , 275.5521311736936 , 0
266.06929849369465 , 274.1635690004559 , 276.33613095558036 , 0
271.5534058291909 , 273.81394043131945 , 276.9620515630462 , 0
266.83477504480794 , 276.33613095558036 , 278.0775408854473 , 0
265.214176837405 , 275.5521311736936 , 279.0741850749924 , 0
273.60864180179203 , 276.9620515630462 , 279.88226013741115 , 0
265.55525751239014 , 274.9719799855056 , 280.3637735553633 , 0
269.14368014536535 , 279.0741850749924 , 282.04610092500207 , 0
274.0936237292087 , 279.88226013741115 , 282.9373503861547 , 0
269.79447643113843 , 278.0775408854473 , 283.0303903878901 , 0
266.7913063676815 , 280.3637735553633 , 283.5296021542603 , 0
270.2993374196667 , 282.04610092500207 , 283.9417646078874 , 0
276.90058177026987 , 283.0303903878901 , 285.10603809584427 , 0
277.3386497298385 , 282.9373503861547 , 285.2380174726118 , 0
277.7828592512084 , 285.2380174726118 , 286.95953301811596 , 0
278.9987403556792 , 285.10603809584427 , 287.26110756914795 , 0
285.2863025687548 , 285.2863025687548 , 287.63021867409947 , 0
269.72826714425946 , 283.5296021542603 , 288.01449279875357 , 0
285.3830731609548 , 287.63021867409947 , 289.6410109046991 , 0
287.6522692377558 , 289.6410109046991 , 292.7118540483868 , 0
286.54780092938915 , 287.26110756914795 , 293.25604131730006 , 0
289.22019232637837 , 293.25604131730006 , 293.8659158982497 , 0
290.3166270145701 , 292.7118540483868 , 294.02209330360324 , 0
291.5947119667347 , 293.8659158982497 , 295.3354379363746 , 0
293.45324391963214 , 295.3354379363746 , 297.7613334275959 , 0
292.6630481808187 , 294.02209330360324 , 298.2729658738597 , 0
294.45644509821193 , 297.7613334275959 , 299.235618354934 , 0
292.8435530492979 , 298.2729658738597 , 301.3752089786449 , 0
295.11453106123736 , 299.235618354934 , 301.5303899123071 , 0
294.81316437233727 , 301.3752089786449 , 304.35856382351284 , 0
295.40736715961094 , 301.5303899123071 , 305.2358514587973 , 0
295.5497643653597 , 304.35856382351284 , 307.1021191844862 , 0
298.20750670978384 , 305.2358514587973 , 308.01791124412784 , 0
300.39369649399544 , 308.01791124412784 , 308.95550865320337 , 0
298.29783721246525 , 307.1021191844862 , 310.7978907859275 , 0
300.60242981573015 , 308.95550865320337 , 311.7190385533025 , 0
301.8452553443988 , 310.7978907859275 , 312.9391374733463 , 0
305.2846779250512 , 311.7190385533025 , 314.1503630657497 , 0
305.3119393663229 , 312.9391374733463 , 315.7506833550735 , 0
306.65111314071964 , 314.1503630657497 , 316.4480596437407 , 0
307.8379832053315 , 315.7506833550735 , 317.5426666724627 , 0
311.7686157195801 , 316.4480596437407 , 318.4000542139158 , 0
313.0970901727956 , 317.5426666724627 , 320.3945945363433 , 0
312.2013874679548 , 318.4000542139158 , 321.5643588913464 , 0
313.3253687606951 , 320.3945945363433 , 322.33253579983494 , 0
313.7483092120349 , 321.5643588913464 , 323.97770626670797 , 0
318.89032301660313 , 322.33253579983494 , 326.26135568227403 , 0
318.67027789449486 , 323.97770626670797 , 328.02692600078774 , 0
321.1035197425789 , 326.26135568227403 , 328.6832383513561 , 0
320.1167074043753 , 328.02692600078774 , 329.1783897573837 , 0
327.19940000009683 , 327.19940000009683 , 330.2011558548142 , 0
322.12623560753417 , 329.1783897573837 , 332.7997422606892 , 0
323.4916599433996 , 328.6832383513561 , 333.399795717951 , 0
323.57727501772314 , 333.399795717951 , 335.02806255597056 , 0
326.3787402199797 , 335.02806255597056 , 336.28011731833396 , 0
324.3736733289486 , 332.7997422606892 , 336.69857502227404 , 0
326.86334807914704 , 336.28011731833396 , 338.6565366926124 , 0
324.45229783360173 , 336.69857502227404 , 338.8828527754795 , 0
335.93915648915714 , 335.93915648915714 , 340.79302648927336 , 0
328.3670598585762 , 338.8828527754795 , 341.4015972338462 , 0
331.88111772575763 , 338.6565366926124 , 341.5398271969165 , 0
343.25112247897465 , 343.25112247897465 , 344.9760874971906 , 0
329.4692476426249 , 341.4015972338462 , 345.14452479005627 , 0
333.8651527020369 , 341.5398271969165 , 345.6078055927749 , 0
343.3041550898379 , 344.9760874971906 , 345.9783909530391 , 0
333.72667429129206 , 345.14452479005627 , 347.3563055255997 , 0
335.5201899422715 , 345.6078055927749 , 347.80648199804125 , 0
336.89601146711993 , 347.3563055255997 , 349.4917583584547 , 0
339.3716744609287 , 347.80648199804125 , 352.3350718163696 , 0
339.74661859001577 , 349.4917583584547 , 352.8340427913842 , 0
350.5036188112355 , 350.5036188112355 , 353.4794450738408 , 0
351.66999708480665 , 353.4794450738408 , 356.09979143261586 , 0
340.03586605372465 , 352.3350718163696 , 356.19473918153875 , 0
342.2251776447783 , 352.8340427913842 , 356.7120233212727 , 0
346.2934135530076 , 356.7120233212727 , 357.31366560772267 , 0
342.27789174258913 , 356.19473918153875 , 359.0481667736037 , 0
347.9609452166856 , 357.31366560772267 , 359.8278054248399 , 0
347.84768950099107 , 359.0481667736037 , 360.82841594085187 , 0
360.4592436928552 , 360.4592436928552 , 362.91263690135156 , 0
350.4311597642317 , 360.82841594085187 , 362.95652992972464 , 0
349.78592819280436 , 359.8278054248399 , 363.6204772625682 , 0
360.4726722186967 , 362.91263690135156 , 364.67660855450725 , 0
354.266873687035 , 363.6204772625682 , 365.11880209126457 , 0
360.8210528165031 , 364.67660855450725 , 367.3738478239902 , 0
357.96739653357895 , 365.11880209126457 , 367.8128837707462 , 0
355.69752834269093 , 362.95652992972464 , 367.851652768358 , 0
358.4104818568234 , 367.8128837707462 , 369.5928224598517 , 0
359.97172681792 , 367.851652768358 , 369.9884529047826 , 0
361.9373820834252 , 367.3738478239902 , 371.02752579657744 , 0
361.94285526014716 , 371.02752579657744 , 373.22276645676027 , 0
360.4592270428283 , 369.9884529047826 , 373.55345987280043 , 0
360.1125742916002 , 369.5928224598517 , 373.5728926452115 , 0
367.2360428212977 , 373.5728926452115 , 375.31844650046577 , 0
363.5466090479301 , 373.55345987280043 , 375.74352724429355 , 0
370.96824313013855 , 375.31844650046577 , 376.80933150221017 , 0
374.06428025145715 , 376.80933150221017 , 377.7024471864808 , 0
364.1902577175272 , 373.22276645676027 , 377.9879906763844 , 0
372.93079960242505 , 377.9879906763844 , 379.7706110560563 , 0
372.959599562205 , 375.74352724429355 , 379.9219623243584 , 0
374.5182384448183 , 379.9219623243584 , 381.72331025264117 , 0
373.01466593491335 , 379.7706110560563 , 384.26698992779194 , 0
377.3793228371301 , 381.72331025264117 , 385.3564819507859 , 0
377.8437333387694 , 385.3564819507859 , 388.15826599471245 , 0
377.55601331537895 , 384.26698992779194 , 388.64765202493226 , 0
378.8656481473009 , 388.64765202493226 , 388.8177259216839 , 0
386.7061660592744 , 386.7061660592744 , 389.4123572744204 , 0
381.7672145321129 , 388.15826599471245 , 390.91525048311746 , 0
389.4294104020385 , 389.4294104020385 , 390.9649105964955 , 0
390.30112138402666 , 390.9649105964955 , 393.35359716650544 , 0
379.5376184256031 , 388.8177259216839 , 393.81901221115425 , 0
382.4858997808158 , 390.91525048311746 , 393.9709423605918 , 0
390.9454757524091 , 393.35359716650544 , 394.54267668905163 , 0
383.4025656337407 , 393.81901221115425 , 396.0504407168033 , 0
393.00508318318634 , 393.00508318318634 , 396.49703256063594 , 0
384.2652075438457 , 393.9709423605918 , 398.2005119178376 , 0
395.97846902223284 , 396.49703256063594 , 399.3486033292424 , 0
391.2067341312732 , 394.54267668905163 , 399.61952048847957 , 0
384.27819721893127 , 396.0504407168033 , 399.6878433986009 , 0
397.3254089949102 , 397.3254089949102 , 399.8623938657993 , 0
386.1179229138591 , 398.2005119178376 , 400.20708617626224 , 0
391.31360128206416 , 399.61952048847957 , 401.4370917871281 , 0
396.1003355347224 , 399.3486033292424 , 401.5034038981287 , 0
396.1092782166205 , 401.5034038981287 , 403.06488357097356 , 0
388.373537621282 , 400.20708617626224 , 403.62989307083905 , 0
388.66830594929326 , 399.6878433986009 , 404.02411154950545 , 0
397.7646579228565 , 399.8623938657993 , 404.04050495297025 , 0
388.9067752383889 , 404.02411154950545 , 404.0407782161721 , 0
391.86709022224466 , 401.4370917871281 , 404.4527013002628 , 0
396.3683359896686 , 403.06488357097356 , 405.6055258066415 , 0
398.87988496151377 , 404.04050495297025 , 405.9412745533671 , 0
394.41349562050686 , 404.0407782161721 , 405.94376596426895 , 0
392.31761568606737 , 403.62989307083905 , 406.4703528602229 , 0
397.0640788819664 , 405.94376596426895 , 407.1713977259221 , 0
396.7530890726797 , 405.6055258066415 , 408.0481997873534 , 0
395.1048022196022 , 404.4527013002628 , 408.06155337397644 , 0
395.4264431229782 , 406.4703528602229 , 409.1192536565028 , 0
395.4135778025633 , 408.06155337397644 , 409.235776152467 , 0
398.9300963115995 , 405.9412745533671 , 409.3275538188018 , 0
405.3455459388372 , 407.1713977259221 , 409.53537447479783 , 0
403.76462034460593 , 409.1192536565028 , 410.90514809403123 , 0
407.0807869547305 , 409.53537447479783 , 411.07546944245 , 0
401.4892416826275 , 409.235776152467 , 411.5501349783958 , 0
403.0654252703784 , 408.0481997873534 , 411.7469193142959 , 0
400.0810104489759 , 409.3275538188018 , 412.38015904947736 , 0
407.26111444817633 , 411.07546944245 , 412.50793645452734 , 0
409.76726971828003 , 412.50793645452734 , 412.524603121194 , 0
403.45903594515136 , 411.7469193142959 , 413.4108542623289 , 0
408.30809706959457 , 410.90514809403123 , 414.066492543414 , 0
408.19658885192035 , 413.4108542623289 , 414.17225092728523 , 0
406.4884771039975 , 412.38015904947736 , 414.21855842087405 , 0
411.33382824168314 , 412.524603121194 , 414.48611234934776 , 0
408.27092351210143 , 411.5501349783958 , 416.20279253805575 , 0
409.6190514094988 , 414.21855842087405 , 416.6515368635646 , 0
414.86676331699755 , 414.86676331699755 , 417.05325438601466 , 0
412.21597666175103 , 414.17225092728523 , 417.512845552268 , 0
410.83712801172084 , 416.20279253805575 , 419.274849507567 , 0
415.3682213825015 , 417.05325438601466 , 421.44605726365364 , 0
417.17398882843423 , 421.44605726365364 , 422.9491199597922 , 0
416.45219576605746 , 419.274849507567 , 423.1166702399096 , 0
421.9475157717446 , 422.9491199597922 , 426.2527274518364 , 0
418.27708774602854 , 423.1166702399096 , 427.7853536332247 , 0
422.082393723672 , 427.7853536332247 , 430.115505336346 , 0
422.4770631508514 , 426.2527274518364 , 430.7320605327796 , 0
425.2418834516114 , 430.115505336346 , 431.5247948398617 , 0
428.0659716249484 , 431.5247948398617 , 432.8881671636463 , 0
423.109607543368 , 430.7320605327796 , 434.79896096741845 , 0
429.013474332925 , 432.8881671636463 , 435.67394342464627 , 0
431.9512164884745 , 435.67394342464627 , 437.50541286105806 , 0
427.33485795920257 , 434.79896096741845 , 437.6255252035977 , 0
432.3929636068778 , 437.50541286105806 , 439.7919353633763 , 0
431.17101694777494 , 437.6255252035977 , 440.260233625882 , 0
434.8859075131204 , 439.7919353633763 , 441.137311502297 , 0
432.444274033587 , 440.260233625882 , 442.61498414144097 , 0
437.175599143722 , 442.61498414144097 , 444.384769133835 , 0
439.0177101326888 , 444.384769133835 , 444.8894962821576 , 0
436.24420071384884 , 441.137311502297 , 444.8930791078189 , 0
437.89837129166494 , 444.8930791078189 , 447.3154920559728 , 0
440.4030411213713 , 444.8894962821576 , 447.58142999396887 , 0
439.8141507074824 , 447.3154920559728 , 451.297669693445 , 0
442.62240885112027 , 447.58142999396887 , 451.62205162841383 , 0
443.66407519020487 , 451.62205162841383 , 454.2983864793466 , 0
453.4814354816152 , 453.4814354816152 , 454.98013960812716 , 0
440.6956093592178 , 451.297669693445 , 455.03826438831254 , 0
445.59833656888355 , 454.2983864793466 , 457.8034700960609 , 0
443.0721473001476 , 455.03826438831254 , 457.9657076941375 , 0
453.57787047333034 , 454.98013960812716 , 459.86636386857407 , 0
454.16997637867644 , 459.86636386857407 , 460.4132437284824 , 0
446.83766385608794 , 457.9657076941375 , 460.8721956178974 , 0
450.0300266638168 , 457.8034700960609 , 461.10834331026706 , 0
451.1545840384047 , 460.8721956178974 , 461.7472424472142 , 0
454.773872603071 , 460.4132437284824 , 463.92575783208963 , 0
451.8750271476151 , 461.10834331026706 , 464.07603596413645 , 0
452.23365700707745 , 461.7472424472142 , 464.73565200672016 , 0
459.5931812269492 , 464.73565200672016 , 464.7523186733868 , 0
455.78022206925976 , 463.92575783208963 , 465.33217971819136 , 0
461.10834109288226 , 464.7523186733868 , 465.98461817123524 , 0
452.64273888036047 , 464.07603596413645 , 466.8434582875295 , 0
460.0871103057724 , 465.33217971819136 , 468.7263213432662 , 0
463.2967481813546 , 465.98461817123524 , 469.99940348576484 , 0
463.18998098447184 , 466.8434582875295 , 470.9344929454497 , 0
465.71374225393123 , 469.99940348576484 , 471.4397051399306 , 0
460.6223180275525 , 468.7263213432662 , 471.9515866259566 , 0
464.7488479956919 , 471.9515866259566 , 473.64908877422886 , 0
465.81122709197956 , 473.64908877422886 , 474.4281439602613 , 0
463.60553719822553 , 470.9344929454497 , 474.49403959835405 , 0
466.0507382587557 , 471.4397051399306 , 474.5761099340602 , 0
466.97256129732256 , 474.49403959835405 , 475.7544947579748 , 0
468.11394315940345 , 474.4281439602613 , 475.870540363074 , 0
470.81234952915327 , 475.870540363074 , 477.57220925637404 , 0
467.53806568350643 , 475.7544947579748 , 478.57114813411573 , 0
467.2633991554538 , 474.5761099340602 , 479.0166182881827 , 0
475.79950934032877 , 477.57220925637404 , 479.5298298907024 , 0
471.2933667512278 , 478.57114813411573 , 481.629468165383 , 0
470.55042397138965 , 479.0166182881827 , 482.6030667918646 , 0
479.3159883472722 , 481.629468165383 , 483.83940642770926 , 0
481.04118181003054 , 481.04118181003054 , 483.87592037198584 , 0
473.54408817907307 , 482.6030667918646 , 485.0383763503236 , 0
480.1536217511529 , 483.83940642770926 , 485.35152257802866 , 0
480.2256989792858 , 485.35152257802866 , 487.31845010214914 , 0
484.5576070012613 , 484.5576070012613 , 487.6605578367465 , 0
479.5737830064111 , 485.0383763503236 , 487.9642525265094 , 0
480.22215201482476 , 487.9642525265094 , 488.33295404348456 , 0
480.98873702364875 , 487.31845010214914 , 489.95589733684267 , 0
480.75951448736805 , 488.33295404348456 , 492.05042398381613 , 0
482.0387551055166 , 489.95589733684267 , 492.2450426921767 , 0
484.15208965427814 , 492.2450426921767 , 493.40102608483403 , 0
484.02631962573975 , 492.05042398381613 , 493.57993058806665 , 0
491.8017845172334 , 491.8017845172334 , 494.02168542028437 , 0
488.6811830511907 , 493.57993058806665 , 494.8870033360635 , 0
487.80750398479705 , 493.40102608483403 , 494.8892334018429 , 0
490.8016548916739 , 494.8892334018429 , 494.9414256982452 , 0
491.3967838736919 , 494.9414256982452 , 496.665894442631 , 0
489.390697078067 , 494.8870033360635 , 496.76599715380524 , 0
491.34013761930345 , 496.76599715380524 , 499.1917703732461 , 0
493.7538279391563 , 499.1917703732461 , 499.90386030510336 , 0
494.2134155895604 , 496.665894442631 , 501.4824051236789 , 0
494.6498485085072 , 499.90386030510336 , 503.8282754125855 , 0
495.12141754287876 , 501.4824051236789 , 505.12644462234744 , 0
496.41504969839 , 503.8282754125855 , 507.2750217396247 , 0
495.3310407608514 , 505.12644462234744 , 507.37504384727185 , 0
506.05176713981865 , 506.05176713981865 , 507.6926269716633 , 0
506.0795423666918 , 507.6926269716633 , 509.3729951655788 , 0
500.2358076711287 , 507.2750217396247 , 509.4933088907963 , 0
498.1843089972304 , 507.37504384727185 , 509.86649336014233 , 0
502.1599772989977 , 509.86649336014233 , 512.0451750731165 , 0
501.4975473334681 , 509.4933088907963 , 513.4812044342417 , 0
504.49616026506294 , 512.0451750731165 , 513.7830880228855 , 0
502.2231396262171 , 513.4812044342417 , 515.1959264618056 , 0
505.79766744105046 , 513.7830880228855 , 517.725505493728 , 0
504.1357109568098 , 515.1959264618056 , 518.3566317082774 , 0
515.5174377859989 , 515.5174377859989 , 518.6989550827992 , 0
510.76854565025184 , 517.725505493728 , 519.1914411692991 , 0
510.6354099203957 , 518.3566317082774 , 521.8704164697674 , 0
511.7928057439222 , 519.1914411692991 , 522.4114613692813 , 0
511.72000782857657 , 521.8704164697674 , 523.1361182594736 , 0
515.8731399282146 , 518.6989550827992 , 523.2631783450798 , 0
512.5855124405153 , 522.4114613692813 , 524.4941578586004 , 0
518.3807168035432 , 523.2631783450798 , 525.1793094909536 , 0
521.2633422531952 , 525.1793094909536 , 526.4409708313101 , 0
514.3709301662361 , 524.4941578586004 , 526.6135587070927 , 0
513.8548507768639 , 523.1361182594736 , 527.5384657740809 , 0
515.3895307773442 , 527.5384657740809 , 528.6391476479424 , 0
523.2307030353073 , 528.6391476479424 , 528.6558143146091 , 0
526.3102457213299 , 526.6135587070927 , 530.8236034082659 , 0
529.6184875306288 , 529.6184875306288 , 533.097783943252 , 0
529.2269164272349 , 530.8236034082659 , 534.7764669180223 , 0
531.2099502975813 , 533.097783943252 , 536.9469124490865 , 0
531.0755816158384 , 534.7764669180223 , 538.1351949189815 , 0
532.7760396063455 , 536.9469124490865 , 538.559045332132 , 0
532.8692897748577 , 538.1351949189815 , 541.5258741808677 , 0
536.230365853483 , 538.559045332132 , 542.747297455549 , 0
536.4589443751953 , 541.5258741808677 , 543.5873565981624 , 0
538.0262522128322 , 543.5873565981624 , 546.3052308996146 , 0
537.6048638286856 , 542.747297455549 , 546.3488309997207 , 0
540.0459907895009 , 546.3052308996146 , 548.7660823187819 , 0
537.9670735693205 , 546.3488309997207 , 548.9464880311419 , 0
545.3480864534337 , 545.3480864534337 , 550.7083388169175 , 0
541.3038288482032 , 548.7660823187819 , 551.3492389726921 , 0
539.9044232303481 , 548.9464880311419 , 551.665281399344 , 0
540.9663018463225 , 551.665281399344 , 551.6819480660107 , 0
545.5654220729272 , 550.7083388169175 , 553.1021464423213 , 0
542.0533772051475 , 551.3492389726921 , 553.1740760531678 , 0
545.315642310168 , 553.1740760531678 , 555.1432603833186 , 0
543.2658810666652 , 551.6819480660107 , 555.5929662664348 , 0
546.3342783446355 , 553.1021464423213 , 555.8186524963658 , 0
546.685722422729 , 555.8186524963658 , 557.1073825366024 , 0
547.9954607973037 , 555.5929662664348 , 558.1634443775466 , 0
549.3003545280861 , 555.1432603833186 , 559.1783690213956 , 0
547.2408770401178 , 557.1073825366024 , 559.5150858269216 , 0
550.284352829285 , 559.1783690213956 , 560.5735318063998 , 0
550.2626418871322 , 558.1634443775466 , 560.9564131074579 , 0
551.4456695238513 , 559.5150858269216 , 561.2792012046092 , 0
552.4524367041239 , 560.9564131074579 , 563.688967542056 , 0
553.1858164163842 , 560.5735318063998 , 564.3421247404143 , 0
554.9717621652243 , 561.2792012046092 , 566.2119117106881 , 0
552.9044598645615 , 563.688967542056 , 567.9495988967772 , 0
556.680156748195 , 564.3421247404143 , 568.1685006573962 , 0
560.0304786477418 , 568.1685006573962 , 569.1020191289047 , 0
557.4197451886905 , 566.2119117106881 , 569.2079941242291 , 0
558.5892119947179 , 567.9495988967772 , 570.4152275018549 , 0
559.1586811517592 , 569.2079941242291 , 570.5524817970659 , 0
565.1483884834475 , 569.1020191289047 , 571.8845139480229 , 0
564.3559730488267 , 570.4152275018549 , 572.1808569363536 , 0
565.4702649861437 , 570.5524817970659 , 572.4542104908952 , 0
569.9305847983663 , 571.8845139480229 , 573.5912052835895 , 0
570.489329506088 , 573.5912052835895 , 575.5108357133157 , 0
567.4054953625999 , 572.4542104908952 , 575.8881167169785 , 0
565.7484947443762 , 572.1808569363536 , 576.0155058952005 , 0
572.1205869470697 , 575.5108357133157 , 578.1099000844649 , 0
569.1198163180864 , 575.8881167169785 , 578.8169966195326 , 0
567.9904936884373 , 576.0155058952005 , 578.941454965231 , 0
574.1129391263952 , 578.1099000844649 , 579.5569652673906 , 0
569.9223084896504 , 578.941454965231 , 580.5359942608262 , 0
569.3228040136298 , 578.8169966195326 , 580.7157062442499 , 0
576.4579650316232 , 580.5359942608262 , 581.2147984567009 , 0
578.7191037456656 , 581.2147984567009 , 583.4813865361542 , 0
577.4083600013474 , 579.5569652673906 , 583.7922165024027 , 0
573.1485669841921 , 580.7157062442499 , 583.9180617035819 , 0
578.371847535788 , 583.7922165024027 , 584.934988338249 , 0
581.092831586956 , 583.4813865361542 , 585.3024000901872 , 0
581.3153309873335 , 585.3024000901872 , 585.3190667568539 , 0
577.7785012480797 , 583.9180617035819 , 586.5059883800028 , 0
580.3947543464062 , 584.934988338249 , 588.3106942875106 , 0
581.5448136928452 , 585.3190667568539 , 588.4441855683755 , 0
579.0195770492121 , 586.5059883800028 , 589.1184903254692 , 0
583.2358244138252 , 588.3106942875106 , 590.8655648779525 , 0
587.1848629603581 , 590.8655648779525 , 591.2453100055509 , 0
584.3475268006135 , 588.4441855683755 , 591.8416312429663 , 0
590.8413474214804 , 591.2453100055509 , 593.1627825912941 , 0
581.101647086393 , 589.1184903254692 , 593.1705890014874 , 0
591.072454461096 , 593.1627825912941 , 594.4525375521558 , 0
584.313376051933 , 593.1705890014874 , 595.4462559309172 , 0
586.4105907364768 , 591.8416312429663 , 595.9564796963912 , 0
587.1970326285341 , 595.4462559309172 , 597.2203611400948 , 0
597.0343386614048 , 597.0343386614048 , 599.4324982151999 , 0
587.9911141515499 , 595.9564796963912 , 599.7379030211149 , 0
595.0873836157907 , 597.2203611400948 , 600.3186207712001 , 0
597.3601700099449 , 599.4324982151999 , 602.1589561475997 , 0
597.4583631493035 , 599.7379030211149 , 602.7596103739935 , 0
597.4662145428081 , 602.7596103739935 , 603.0231034795505 , 0
599.411964426394 , 603.0231034795505 , 604.5573617127013 , 0
599.1328353646892 , 602.1589561475997 , 604.66545544644 , 0
600.136812281396 , 604.66545544644 , 607.8438443504824 , 0
601.2403163463399 , 604.5573617127013 , 607.9023612087807 , 0
605.5047708908652 , 607.9023612087807 , 610.3343604751744 , 0
601.3065769973333 , 607.8438443504824 , 611.1272236169857 , 0
607.2218565060925 , 611.1272236169857 , 613.3558028406723 , 0
606.1486883252597 , 610.3343604751744 , 614.1626762539183 , 0
615.19471416393 , 615.19471416393 , 616.9445917311874 , 0
613.5840366160193 , 613.5840366160193 , 617.3903046572586 , 0
618.8109876107833 , 618.8109876107833 , 619.5656908985912 , 0
613.9497500291448 , 617.3903046572586 , 619.7548500188248 , 0
617.4004641837571 , 619.7548500188248 , 621.0320201910858 , 0
621.1113083180012 , 621.1113083180012 , 621.8699629808126 , 0
619.5970937593164 , 619.5970937593164 , 621.8972755566866 , 0
621.4814266172779 , 621.8699629808126 , 623.2957677742087 , 0
622.62500008743 , 623.2957677742087 , 624.1919599731431 , 0
619.6257525395407 , 621.8972755566866 , 626.2651219786696 , 0
622.6902226155376 , 626.2651219786696 , 627.7305969760213 , 0
625.9900989431026 , 625.9900989431026 , 628.3988450460306 , 0
629.2987452520022 , 629.2987452520022 , 631.6649566414728 , 0
629.894211433213 , 631.6649566414728 , 634.2536099745695 , 0
631.0883729468417 , 631.0883729468417 , 634.3254361427632 , 0
632.4245590592045 , 634.3254361427632 , 635.1525204726735 , 0
632.1540492941532 , 634.2536099745695 , 636.8072140488392 , 0
633.4867067018498 , 635.1525204726735 , 637.444445815642 , 0
634.3914264892173 , 637.444445815642 , 639.0182904351639 , 0
633.8956487094342 , 636.8072140488392 , 639.10895833521 , 0
634.4654505290746 , 639.10895833521 , 640.331801990699 , 0
635.1107028528622 , 640.331801990699 , 641.396326795982 , 0
634.9545785460972 , 639.0182904351639 , 643.0935142966514 , 0
639.4688713982653 , 641.396326795982 , 645.2443298113817 , 0
635.2300665226942 , 643.0935142966514 , 646.5979425379547 , 0
635.9057977599332 , 646.5979425379547 , 648.4542455034177 , 0
643.7840806903218 , 645.2443298113817 , 649.6136406024318 , 0
639.8637814944636 , 648.4542455034177 , 650.4722750621507 , 0
645.01567937099 , 649.6136406024318 , 652.4491106566588 , 0
647.2089690552561 , 650.4722750621507 , 653.6056109825691 , 0
647.5254396975422 , 653.6056109825691 , 654.0737375490565 , 0
646.0018172161951 , 652.4491106566588 , 654.9313792130839 , 0
647.7641264673572 , 654.9313792130839 , 654.9480458797506 , 0
651.159779420734 , 654.9480458797506 , 657.9150581332173 , 0
648.2065909499731 , 654.0737375490565 , 658.7589994770586 , 0
651.0185945141135 , 658.7589994770586 , 660.9773418015646 , 0
652.0707973841619 , 660.9773418015646 , 661.7103201879527 , 0
653.6839623773775 , 657.9150581332173 , 661.8606792135645 , 0
656.5967041468566 , 661.8606792135645 , 665.3625802249218 , 0
654.8039975864069 , 661.7103201879527 , 665.6363310656931 , 0
656.6671357510803 , 665.3625802249218 , 666.3794257901625 , 0
660.3443463002459 , 666.3794257901625 , 669.0365540889873 , 0
656.6976581607272 , 665.6363310656931 , 670.5969898845805 , 0
667.8123110279794 , 667.8123110279794 , 671.0324301457044 , 0
668.0520571761324 , 671.0324301457044 , 671.8195145166505 , 0
663.6406558441416 , 669.0365540889873 , 672.8234177732222 , 0
661.5582563838188 , 670.5969898845805 , 674.0111445828876 , 0
669.152408903746 , 671.8195145166505 , 674.5194819674765 , 0
662.9986594352368 , 674.0111445828876 , 677.323816208633 , 0
663.9710970847979 , 672.8234177732222 , 677.5331937469114 , 0
670.3599503616093 , 674.5194819674765 , 677.5519968526424 , 0
670.7554011995443 , 677.5519968526424 , 680.7188321016099 , 0
663.9376185800749 , 677.323816208633 , 680.7408957233768 , 0
666.9509970205016 , 677.5331937469114 , 681.8523597246574 , 0
671.415791624565 , 680.7188321016099 , 682.4589803053921 , 0
667.1588127916256 , 680.7408957233768 , 683.744408421096 , 0
667.6445135519468 , 681.8523597246574 , 684.1601530014625 , 0
672.6513624618299 , 682.4589803053921 , 684.214550767754 , 0
675.2731878184663 , 683.744408421096 , 686.5736205757319 , 0
678.1317887023264 , 684.1601530014625 , 687.5582728517104 , 0
683.253605863243 , 686.5736205757319 , 688.2421686044062 , 0
684.499098890987 , 688.2421686044062 , 691.9313322041089 , 0
683.3303296538463 , 687.5582728517104 , 692.2436656154869 , 0
687.5128932082741 , 691.9313322041089 , 694.7086964422604 , 0
685.0005112375876 , 692.2436656154869 , 695.1759291693925 , 0
693.4922155408129 , 695.1759291693925 , 696.43681289194 , 0
688.3636297648753 , 694.7086964422604 , 698.1104991895754 , 0
696.7017840543097 , 696.7017840543097 , 698.2306946456152 , 0
697.9731140713086 , 698.2306946456152 , 700.7314315095239 , 0
699.1343923300117 , 699.1343923300117 , 703.568832840253 , 0
698.5763753558612 , 700.7314315095239 , 704.0226014771554 , 0
704.4333156644793 , 704.4333156644793 , 705.8365077600312 , 0
699.75953101123 , 703.568832840253 , 707.1873452315089 , 0
705.6632297403513 , 705.8365077600312 , 709.4434189310887 , 0
700.4774241959344 , 707.1873452315089 , 711.4641871841978 , 0
706.278316977438 , 709.4434189310887 , 712.4132545550096 , 0
708.1999236699224 , 711.4641871841978 , 712.4402856082284 , 0
710.5745762997215 , 712.4132545550096 , 712.6514667718797 , 0
712.5093597927543 , 712.6514667718797 , 714.1101620044478 , 0
713.2223323675215 , 714.1101620044478 , 714.5348835961379 , 0
713.3348493643443 , 713.3348493643443 , 715.060531708495 , 0
714.8779518881411 , 714.8779518881411 , 717.4511909374842 , 0
716.030073858117 , 716.030073858117 , 717.7764618500199 , 0
715.2596225665444 , 717.4511909374842 , 718.9570695609157 , 0
716.7749233399377 , 717.7764618500199 , 722.4099377440862 , 0
717.8326704432284 , 718.9570695609157 , 723.3938230900401 , 0
717.2286543859499 , 722.4099377440862 , 725.6828049177241 , 0
720.6491944990885 , 723.3938230900401 , 725.9170051036293 , 0
721.4345079870149 , 725.9170051036293 , 726.8148770967636 , 0
724.6392080934646 , 726.8148770967636 , 728.2747216725348 , 0
718.3337636395827 , 725.6828049177241 , 729.2563766610235 , 0
726.2941329611967 , 728.2747216725348 , 730.6579194013528 , 0
722.3537232872602 , 729.2563766610235 , 733.6302379595957 , 0
726.3588526039149 , 730.6579194013528 , 735.0359138060412 , 0
725.6475694979657 , 733.6302379595957 , 737.2379617178154 , 0
727.5120851147456 , 735.0359138060412 , 738.5203708256936 , 0
725.756872818758 , 737.2379617178154 , 738.8571431316419 , 0
732.4740998784075 , 738.8571431316419 , 740.5337956849595 , 0
731.3920132704828 , 738.5203708256936 , 741.0512418248043 , 0
732.8650438995334 , 741.0512418248043 , 741.1256317851835 , 0
734.1220649765365 , 740.5337956849595 , 743.6358188403036 , 0
735.0831369384595 , 741.1256317851835 , 744.8210445170502 , 0
736.2628502558077 , 743.6358188403036 , 746.3954828979009 , 0
741.5596460289327 , 746.3954828979009 , 747.1595292662746 , 0
736.8724997134026 , 744.8210445170502 , 747.3622684425412 , 0
741.9643676671641 , 747.1595292662746 , 749.0949753115416 , 0
741.8345617659862 , 747.3622684425412 , 749.6659579970709 , 0
742.7212720319965 , 749.0949753115416 , 751.7704258465506 , 0
742.1343456040685 , 749.6659579970709 , 752.229830336197 , 0
746.5188600340708 , 752.229830336197 , 753.8103235649309 , 0
743.8906315505648 , 751.7704258465506 , 754.9552488107421 , 0
746.6183254311286 , 754.9552488107421 , 756.2884163003558 , 0
747.8351631399393 , 753.8103235649309 , 756.5749145084507 , 0
751.0369634699549 , 756.2884163003558 , 758.3984672939612 , 0
753.6746503990593 , 756.5749145084507 , 760.8199664321818 , 0
758.0518185575006 , 758.0518185575006 , 762.0962558633835 , 0
754.2747477045149 , 758.3984672939612 , 762.1079130606921 , 0
753.9741681850539 , 760.8199664321818 , 763.143441301194 , 0
758.0523860395577 , 762.0962558633835 , 763.3080316079238 , 0
755.1685375432762 , 762.1079130606921 , 764.0502491621706 , 0
761.4326104505769 , 763.3080316079238 , 764.5890788548005 , 0
755.3637491283953 , 763.143441301194 , 766.0968545429183 , 0
756.4971001038767 , 764.0502491621706 , 766.3849766210983 , 0
761.8547909725402 , 764.5890788548005 , 767.2418085649676 , 0
756.8256979707093 , 766.0968545429183 , 767.9392933510381 , 0
756.5132471239639 , 766.3849766210983 , 769.6605924811973 , 0
762.1642036307629 , 767.2418085649676 , 770.7410255964826 , 0
756.9633644091246 , 767.9392933510381 , 771.159633782712 , 0
763.7857061304268 , 770.7410255964826 , 773.2584009498744 , 0
765.7023133166581 , 769.6605924811973 , 773.7905276339881 , 0
769.159160303126 , 773.2584009498744 , 775.3740803737745 , 0
767.2056888064325 , 773.7905276339881 , 777.2586089375184 , 0
770.7348302936144 , 775.3740803737745 , 777.8079431054474 , 0
770.1829253937674 , 777.2586089375184 , 780.2027697029285 , 0
771.3404028650004 , 777.8079431054474 , 781.9616585457056 , 0
771.9218814193547 , 780.2027697029285 , 782.488390121037 , 0
776.4005339225115 , 781.9616585457056 , 783.1710970238623 , 0
784.3823146485953 , 784.3823146485953 , 785.7038583405289 , 0
779.5866137369833 , 782.488390121037 , 785.8451206299102 , 0
779.2602423003249 , 783.1710970238623 , 786.2762018107619 , 0
785.0724031997846 , 785.7038583405289 , 787.1827106115886 , 0
779.8498579836934 , 786.2762018107619 , 787.3651992685197 , 0
780.4757293794053 , 785.8451206299102 , 789.2567131811464 , 0
781.8691394625184 , 787.3651992685197 , 789.4624965215428 , 0
780.6359061993492 , 789.2567131811464 , 789.9323939662107 , 0
785.5868104116747 , 787.1827106115886 , 791.3636611374159 , 0
782.8085377306144 , 789.4624965215428 , 792.0409534815896 , 0
781.9592473335631 , 789.9323939662107 , 792.2778736569609 , 0
786.2541257484637 , 791.3636611374159 , 792.7941445526026 , 0
787.7239921853499 , 792.7941445526026 , 795.0801677123228 , 0
783.0962979061352 , 792.2778736569609 , 795.197678107173 , 0
783.2592393615216 , 792.0409534815896 , 796.1589357996003 , 0
789.2101117152247 , 796.1589357996003 , 797.3857031430875 , 0
791.5067210872876 , 795.197678107173 , 798.1880133007428 , 0
793.259382331469 , 797.3857031430875 , 800.34994640608 , 0
793.4705412866585 , 798.1880133007428 , 801.4642469331926 , 0
797.1897233158056 , 801.4642469331926 , 803.6283044744165 , 0
794.94126693905 , 800.34994640608 , 803.8056415175844 , 0
797.8307353802597 , 803.8056415175844 , 805.000390273367 , 0
800.2542507184305 , 803.6283044744165 , 806.5258432447326 , 0
801.1886192237776 , 806.5258432447326 , 808.397852867423 , 0
800.3191376175083 , 805.000390273367 , 808.666213431582 , 0
804.78038638063 , 804.78038638063 , 809.2238903096963 , 0
802.7666279451296 , 808.397852867423 , 809.9265102424587 , 0
805.6625269336154 , 809.2238903096963 , 811.3286355189628 , 0
800.9722386642953 , 808.666213431582 , 811.885189189905 , 0
803.4288371755861 , 809.9265102424587 , 813.3327292873577 , 0
806.7578432191689 , 811.3286355189628 , 814.5684807666396 , 0
802.9959822554408 , 811.885189189905 , 814.6685334410239 , 0
807.4544080026338 , 814.5684807666396 , 817.2962209748318 , 0
803.8343356622305 , 814.6685334410239 , 817.5454896543753 , 0
804.5709632212074 , 813.3327292873577 , 818.1930451110757 , 0
809.6641348176902 , 817.2962209748318 , 819.7447126533796 , 0
809.4318340174563 , 818.1930451110757 , 819.7582033261838 , 0
805.6524870980824 , 817.5454896543753 , 820.9441054167027 , 0
812.4361962374222 , 820.9441054167027 , 821.4824799131861 , 0
813.2789008792801 , 819.7582033261838 , 821.6887547038422 , 0
816.6286058156066 , 819.7447126533796 , 822.9575812818932 , 0
817.9882116516075 , 821.4824799131861 , 823.7449354392126 , 0
818.3511375808062 , 823.7449354392126 , 823.7616021058792 , 0
818.2443322577294 , 821.6887547038422 , 824.9618280608711 , 0
818.1831169805695 , 822.9575812818932 , 825.6004970858831 , 0
820.1377106147919 , 825.6004970858831 , 825.6171637525498 , 0
821.6490119263742 , 823.7616021058792 , 825.9042966236105 , 0
822.526660369179 , 825.9042966236105 , 826.5222707567211 , 0
819.4614081534315 , 824.9618280608711 , 827.5427518270476 , 0
823.491664149279 , 825.6171637525498 , 828.9998478281349 , 0
822.4244226298327 , 827.5427518270476 , 831.5883793210049 , 0
826.6643044102807 , 828.9998478281349 , 832.0994176852791 , 0
826.7182713081621 , 832.0994176852791 , 834.1476587515014 , 0
827.0403283307048 , 834.1476587515014 , 835.5803046224877 , 0
823.5255101436222 , 831.5883793210049 , 835.6779184100332 , 0
830.6576758027226 , 835.5803046224877 , 837.4638388847802 , 0
834.9455902583865 , 837.4638388847802 , 838.2964110688941 , 0
826.8713602697076 , 835.6779184100332 , 839.5817155011739 , 0
835.0218530792735 , 838.2964110688941 , 840.4825224139544 , 0
827.2743694331438 , 839.5817155011739 , 842.7253425788709 , 0
838.8067156522612 , 840.4825224139544 , 843.9694637523457 , 0
833.3879701408575 , 842.7253425788709 , 845.7735906499319 , 0
835.8584721965694 , 845.7735906499319 , 847.8486846075492 , 0
840.2657370113759 , 843.9694637523457 , 848.8289598885602 , 0
843.1451232381539 , 847.8486846075492 , 851.3055499951515 , 0
844.4515999131858 , 851.3055499951515 , 852.2274820641425 , 0
845.8588416096683 , 852.2274820641425 , 852.446984360809 , 0
840.7751747698196 , 848.8289598885602 , 853.1396816712808 , 0
844.0917769357203 , 853.1396816712808 , 855.7073979105157 , 0
847.9862987821078 , 852.446984360809 , 856.4764176220548 , 0
848.3216329698448 , 855.7073979105157 , 858.3565317090492 , 0
850.8476652489092 , 856.4764176220548 , 858.9551669138481 , 0
849.354338717961 , 858.3565317090492 , 861.6957134856207 , 0
854.0559852683741 , 858.9551669138481 , 862.9281912809304 , 0
855.3175661890782 , 861.6957134856207 , 864.9262835364622 , 0
854.1863707797456 , 862.9281912809304 , 866.0942914843715 , 0
860.0172874960956 , 864.9262835364622 , 866.4092612616313 , 0
858.298043477568 , 866.0942914843715 , 869.3238988078737 , 0
860.83011245927 , 869.3238988078737 , 869.8654308903106 , 0
860.9820204362962 , 866.4092612616313 , 870.3205814780648 , 0
863.0978169589584 , 869.8654308903106 , 872.1890147636043 , 0
866.873650998991 , 870.3205814780648 , 873.1217971947425 , 0
868.8763780816887 , 872.1890147636043 , 875.1477723330648 , 0
868.7885013688604 , 873.1217971947425 , 875.7451841489116 , 0
868.9648923377332 , 875.7451841489116 , 877.8128445081281 , 0
870.2938833774695 , 875.1477723330648 , 878.4069669940019 , 0
872.1372818671897 , 878.4069669940019 , 879.1157988308668 , 0
873.8242866983957 , 877.8128445081281 , 881.0037723217472 , 0
875.9044179559094 , 879.1157988308668 , 882.3008566752515 , 0
877.2870035545301 , 882.3008566752515 , 883.2407945702513 , 0
877.0193785911416 , 881.0037723217472 , 883.8735682286863 , 0
878.1240156020561 , 883.8735682286863 , 884.7762242225992 , 0
878.5249219889307 , 883.2407945702513 , 885.0675001327522 , 0
880.2762168694845 , 885.0675001327522 , 887.3886199739768 , 0
880.6624396149467 , 884.7762242225992 , 887.603082460582 , 0
883.571316251377 , 883.571316251377 , 888.7018507015908 , 0
882.3864885806316 , 887.3886199739768 , 889.861243183015 , 0
883.8669002848728 , 888.7018507015908 , 890.0857697986618 , 0
882.6323419499537 , 887.603082460582 , 891.7400009197818 , 0
885.9147931966512 , 890.0857697986618 , 892.8852166656612 , 0
882.8874530893472 , 889.861243183015 , 893.5397716906762 , 0
887.0990830958599 , 892.8852166656612 , 895.1973040243191 , 0
883.4132771817284 , 891.7400009197818 , 895.8818309593795 , 0
883.2876948996451 , 893.5397716906762 , 896.1988190230244 , 0
888.7082093343032 , 895.1973040243191 , 897.0329973953842 , 0
889.2556735660256 , 896.1988190230244 , 897.1471947371068 , 0
890.1394951677676 , 897.0329973953842 , 897.8298512533697 , 0
893.182768102581 , 897.8298512533697 , 899.0070580410649 , 0
891.0321546218521 , 897.1471947371068 , 899.2935090807425 , 0
888.3602351227617 , 895.8818309593795 , 899.4322322371977 , 0
893.463537020872 , 899.0070580410649 , 900.3730917459695 , 0
896.0853713466788 , 900.3730917459695 , 901.0023315621888 , 0
894.4281093700884 , 899.2935090807425 , 901.793332941496 , 0
891.5120961791886 , 899.4322322371977 , 901.9612086486195 , 0
897.6100757317795 , 901.0023315621888 , 903.179311587055 , 0
896.512090862465 , 901.793332941496 , 903.8696570075086 , 0
892.3881052608448 , 901.9612086486195 , 904.0846714057116 , 0
895.9577756626237 , 904.0846714057116 , 904.2355885912094 , 0
896.6423841843884 , 903.8696570075086 , 906.016437171256 , 0
896.973107932759 , 904.2355885912094 , 907.3270688087877 , 0
901.0654927151205 , 906.016437171256 , 909.6617791735829 , 0
905.5430449377925 , 907.3270688087877 , 909.6676968139802 , 0
902.7154337789528 , 909.6617791735829 , 910.9154368018495 , 0
906.009166461344 , 909.6676968139802 , 911.9372156585753 , 0
907.9639269690389 , 910.9154368018495 , 914.1577986615732 , 0
908.7764921014975 , 911.9372156585753 , 914.8185445907625 , 0
909.054551704456 , 914.1577986615732 , 917.20914247268 , 0
909.0549036312611 , 914.8185445907625 , 917.371485183184 , 0
909.2682134666445 , 917.20914247268 , 919.5535826841995 , 0
911.9648030622398 , 919.5535826841995 , 921.1047814737371 , 0
909.5382102744449 , 917.371485183184 , 922.897631807413 , 0
915.9666068404189 , 922.897631807413 , 924.8346454427283 , 0
917.5421400498619 , 921.1047814737371 , 925.8513536456022 , 0
918.0675688078087 , 924.8346454427283 , 927.383134356264 , 0
925.5323064813855 , 925.5323064813855 , 928.3487947887226 , 0
918.1462696088142 , 925.8513536456022 , 928.4595670085295 , 0
921.265695331902 , 928.4595670085295 , 931.2357690431799 , 0
923.848025410851 , 927.383134356264 , 931.3572068056415 , 0
925.6073247270269 , 928.3487947887226 , 931.8720207313487 , 0
924.3416331193507 , 931.3572068056415 , 934.2877938633188 , 0
928.0974506916851 , 931.8720207313487 , 934.6723399835643 , 0
921.6110638553598 , 931.2357690431799 , 935.5819539002888 , 0
924.7639206511934 , 934.2877938633188 , 935.9365368031097 , 0
933.1246724708949 , 933.1246724708949 , 936.7290880248236 , 0
928.1145048898566 , 934.6723399835643 , 937.0741114398785 , 0
933.7963461987279 , 936.7290880248236 , 938.88594286614 , 0
924.3435971689863 , 935.5819539002888 , 939.1350064795275 , 0
925.147307233971 , 935.9365368031097 , 939.727443322409 , 0
928.7790433920546 , 937.0741114398785 , 941.4258781480657 , 0
934.3634379092496 , 938.88594286614 , 941.6836858537034 , 0
928.9619560624268 , 939.1350064795275 , 942.5135575111434 , 0
930.666253336968 , 939.727443322409 , 942.641984901455 , 0
929.2627143013044 , 941.4258781480657 , 943.7879738665566 , 0
934.4867032802138 , 941.6836858537034 , 944.4745844933193 , 0
932.3309136631111 , 943.7879738665566 , 945.2048643896698 , 0
932.7916023182295 , 942.641984901455 , 945.2265661038444 , 0
939.3309189814267 , 945.2048643896698 , 946.366551494553 , 0
929.4327245952497 , 942.5135575111434 , 947.0458048148769 , 0
937.0678626100711 , 945.2265661038444 , 949.0163092926922 , 0
943.5452540497657 , 946.366551494553 , 949.3076580460556 , 0
935.212508936564 , 944.4745844933193 , 949.9802379200567 , 0
932.4206695700083 , 947.0458048148769 , 950.6510581581213 , 0
939.2310119840743 , 949.9802379200567 , 950.9028329990573 , 0
940.1109915348339 , 949.0163092926922 , 951.2521203485643 , 0
941.8606304585238 , 950.9028329990573 , 952.1961166269771 , 0
939.3511008210247 , 950.6510581581213 , 952.9221048902654 , 0
944.2230379101034 , 949.3076580460556 , 953.1071811836453 , 0
950.3027895063369 , 952.1961166269771 , 953.9221003199019 , 0
948.7048667382285 , 953.1071811836453 , 954.2878004962386 , 0
951.3354705758218 , 953.9221003199019 , 954.3249873633905 , 0
951.3977838666885 , 954.3249873633905 , 957.3086575829998 , 0
950.8630177995666 , 954.2878004962386 , 957.5423576818838 , 0
957.2278939658498 , 957.2278939658498 , 960.4869208617298 , 0
951.7620221749199 , 957.5423576818838 , 960.6605610275917 , 0
952.4869186733787 , 957.3086575829998 , 961.6905766952679 , 0
954.9861490364862 , 960.6605610275917 , 961.7830937794421 , 0
956.2531845716031 , 961.7830937794421 , 963.4751834227335 , 0
954.718318486742 , 961.6905766952679 , 965.2666718778476 , 0
957.130688268747 , 963.4751834227335 , 965.3829246971179 , 0
960.5425571549212 , 965.3829246971179 , 967.7021217656344 , 0
955.4689490425453 , 965.2666718778476 , 968.5963324069075 , 0
956.7471886463688 , 968.5963324069075 , 969.6313730021379 , 0
961.0785161898285 , 967.7021217656344 , 969.6669130977469 , 0
960.1094285674967 , 969.6313730021379 , 973.1012163816334 , 0
962.6050338134704 , 969.6669130977469 , 974.0043069050141 , 0
962.5023935762811 , 973.1012163816334 , 974.9519187901163 , 0
971.9170461398344 , 971.9170461398344 , 976.7042886739633 , 0
963.5350057484906 , 974.0043069050141 , 976.9459399450828 , 0
966.4264810121028 , 974.9519187901163 , 977.005830112632 , 0
972.2317568992477 , 976.7042886739633 , 978.5026890576063 , 0
966.4971926433527 , 976.9459399450828 , 978.9227415840857 , 0
968.820721566353 , 978.9227415840857 , 980.0028285263954 , 0
968.7381620664846 , 977.005830112632 , 980.1326953629223 , 0
972.6994539330781 , 978.5026890576063 , 980.8116795352647 , 0
970.6972972199027 , 980.0028285263954 , 983.1159949018263 , 0
970.3776491131398 , 980.1326953629223 , 983.1809105559394 , 0
972.9673895796617 , 980.8116795352647 , 984.3892405654257 , 0
974.5910831733007 , 983.1809105559394 , 986.6979690323527 , 0
975.6799674384873 , 983.1159949018263 , 987.3896889967667 , 0
976.3571885310092 , 984.3892405654257 , 987.4014751452751 , 0
980.8855384504982 , 987.3896889967667 , 988.7509238190192 , 0
981.4974834485416 , 987.4014751452751 , 989.0817870819926 , 0
984.6640423591876 , 988.7509238190192 , 990.4415526914829 , 0
975.0745056702334 , 986.6979690323527 , 991.4899125086391 , 0
987.4383997686086 , 990.4415526914829 , 993.1502923581803 , 0
986.4397886961897 , 989.0817870819926 , 993.8064561112405 , 0
982.0340432721229 , 991.4899125086391 , 994.8237063936949 , 0
995.1104522733563 , 995.1104522733563 , 996.9077384319813 , 0
990.8803609847821 , 993.8064561112405 , 997.0055284445975 , 0
987.2972484499742 , 994.8237063936949 , 997.8297174684589 , 0
995.8064556487548 , 996.9077384319813 , 998.6283274978115 , 0
990.8910185645949 , 997.0055284445975 , 1000.0092772160514 , 0
996.7337452153346 , 998.6283274978115 , 1001.1727803677746 , 0
996.7811601118855 , 1000.0092772160514 , 1001.9404071861497 , 0
999.3298171711275 , 1001.9404071861497 , 1003.4308320679746 , 0
998.2465936609161 , 1001.1727803677746 , 1005.4611561299221 , 0
1004.2825167059431 , 1004.2825167059431 , 1006.1644726954441 , 0
1000.9828513011687 , 1003.4308320679746 , 1006.4999232315922 , 0
1001.0621907604814 , 1006.4999232315922 , 1007.3914517000176 , 0
999.2219859490393 , 1005.4611561299221 , 1008.3719613858985 , 0
1004.4010937901653 , 1006.1644726954441 , 1009.5499209024774 , 0
1003.9727805070173 , 1007.3914517000176 , 1010.3472529031882 , 0
999.3601050746871 , 1008.3719613858985 , 1011.546625638274 , 0
1004.541565641217 , 1009.5499209024774 , 1011.9776183025683 , 0
1004.0999967002281 , 1010.3472529031882 , 1014.0603782451288 , 0
1004.1840061718827 , 1014.0603782451288 , 1014.0770449117955 , 0
1001.3239404430549 , 1011.546625638274 , 1015.5321193727316 , 0
1005.2066178477544 , 1011.9776183025683 , 1015.9283235502014 , 0
1008.597461215014 , 1014.0770449117955 , 1018.0373437229637 , 0
1006.0942032578153 , 1015.9283235502014 , 1018.048722023929 , 0
1001.4517327476025 , 1015.5321193727316 , 1018.277731090168 , 0
1010.3551425353633 , 1018.0373437229637 , 1020.522086135017 , 0
1006.493537559146 , 1018.277731090168 , 1021.3263753011391 , 0
1006.3351271734455 , 1018.048722023929 , 1021.5216047261175 , 0
1012.8315063759192 , 1021.3263753011391 , 1023.3211990536373 , 0
1017.1865011087867 , 1020.522086135017 , 1024.22717894103 , 0
1010.5380732973822 , 1021.5216047261175 , 1024.6822462886041 , 0
1018.01206377346 , 1023.3211990536373 , 1025.2129070320575 , 0
1013.0249548505427 , 1024.6822462886041 , 1025.3943762568526 , 0
1018.0704685737596 , 1024.22717894103 , 1026.7049597976259 , 0
1020.0382761736477 , 1025.2129070320575 , 1027.265964856575 , 0
1019.1958847703436 , 1025.3943762568526 , 1028.2263445183146 , 0
1020.1749447960117 , 1026.7049597976259 , 1029.8783715246384 , 0
1020.8971477992221 , 1029.8783715246384 , 1030.6185121035662 , 0
1029.4475068118631 , 1029.4475068118631 , 1030.7741820899112 , 0
1022.5136769125867 , 1027.265964856575 , 1031.0724703711398 , 0
1022.0592767979447 , 1028.2263445183146 , 1031.7672944918452 , 0
1026.3565581316457 , 1030.6185121035662 , 1032.8290919463695 , 0
1025.3652512655754 , 1031.0724703711398 , 1033.1753502345705 , 0
1023.1081031800533 , 1031.7672944918452 , 1033.9622802852416 , 0
1027.0872950037906 , 1032.8290919463695 , 1034.9128757904432 , 0
1026.2059900261656 , 1033.1753502345705 , 1035.4804931848091 , 0
1025.7777479504562 , 1033.9622802852416 , 1036.1275300416194 , 0
1029.3400791300896 , 1034.9128757904432 , 1038.6669627240192 , 0
1027.511612690217 , 1035.4804931848091 , 1039.7094009724215 , 0
1027.1700772040926 , 1036.1275300416194 , 1039.8415414227345 , 0
1029.0215421875748 , 1039.8415414227345 , 1040.6562850469784 , 0
1032.525399918661 , 1040.6562850469784 , 1041.5090918745223 , 0
1028.1122734410842 , 1039.7094009724215 , 1042.7015208906867 , 0
1037.2074069388411 , 1041.5090918745223 , 1042.8010590481533 , 0
1030.3986579029665 , 1038.6669627240192 , 1043.1398324651884 , 0
1038.4206795396547 , 1042.8010590481533 , 1045.6612354652566 , 0
1034.989413063068 , 1042.7015208906867 , 1045.9171466088892 , 0
1030.647310849792 , 1043.1398324651884 , 1048.376399891262 , 0
1035.2872947930625 , 1048.376399891262 , 1050.466065260351 , 0
1037.893850529345 , 1045.9171466088892 , 1051.1374056614086 , 0
1049.5022284211825 , 1049.5022284211825 , 1052.3440049658245 , 0
1040.054898353445 , 1050.466065260351 , 1052.8091979921583 , 0
1039.997839657397 , 1051.1374056614086 , 1054.7467436247246 , 0
1045.8887937607424 , 1052.8091979921583 , 1056.1126741818168 , 0
1043.7938565795926 , 1054.7467436247246 , 1056.18201399418 , 0
1046.6739875875594 , 1056.18201399418 , 1059.0761906994906 , 0
1047.634428909237 , 1056.1126741818168 , 1059.1748798174174 , 0
1048.8717156015975 , 1059.1748798174174 , 1061.0303917191302 , 0
1047.0657283964247 , 1059.0761906994906 , 1061.6923982578962 , 0
1059.8955692140062 , 1061.6923982578962 , 1063.9808333514914 , 0
1053.045899760015 , 1061.0303917191302 , 1065.753172517825 , 0
1062.5500915703851 , 1063.9808333514914 , 1065.842792586787 , 0
1062.997799706304 , 1065.842792586787 , 1067.6842980264275 , 0
1062.3561796357878 , 1065.753172517825 , 1070.0548002121957 , 0
1064.0749112680119 , 1067.6842980264275 , 1071.4224411490798 , 0
1063.662227116615 , 1070.0548002121957 , 1073.160772909996 , 0
1064.9897008421108 , 1071.4224411490798 , 1074.9802957899158 , 0
1070.4043504433769 , 1073.160772909996 , 1076.2272241255475 , 0
1070.6497544850297 , 1074.9802957899158 , 1077.3721609222996 , 0
1071.055083841102 , 1076.2272241255475 , 1080.0234590632112 , 0
1071.4148473686632 , 1077.3721609222996 , 1080.2308941359931 , 0
1075.1907429077398 , 1080.0234590632112 , 1082.2399023621704 , 0
1084.4643090671639 , 1084.4643090671639 , 1084.4809757338305 , 0
1071.7841990370223 , 1080.2308941359931 , 1084.5001137843403 , 0
1078.0118297566326 , 1082.2399023621704 , 1085.7942969020685 , 0
1075.3685130787844 , 1084.5001137843403 , 1085.9282697990398 , 0
1084.670301891524 , 1084.670301891524 , 1087.1609671800206 , 0
1079.6736813487723 , 1085.7942969020685 , 1088.1160667800204 , 0
1079.2134058161948 , 1085.9282697990398 , 1088.1385018909102 , 0
1080.2201563608048 , 1088.1160667800204 , 1090.2651124073889 , 0
1079.8736775190384 , 1088.1385018909102 , 1090.6782898351987 , 0
1080.9899262509791 , 1090.6782898351987 , 1093.376900533359 , 0
1093.1865028304014 , 1093.1865028304014 , 1093.4870265953168 , 0
1081.7472349702666 , 1090.2651124073889 , 1093.8900509870123 , 0
1084.6510740224564 , 1093.376900533359 , 1094.2149725362904 , 0
1083.2538288488238 , 1093.8900509870123 , 1095.9417074310318 , 0
1086.0720102784946 , 1094.2149725362904 , 1096.6209250020052 , 0
1090.1523321131967 , 1096.6209250020052 , 1098.190689829923 , 0
1088.693138017818 , 1095.9417074310318 , 1098.8429517359093 , 0
1091.2008103643234 , 1098.190689829923 , 1100.9984155659 , 0
1091.156076794971 , 1098.8429517359093 , 1101.2716543235779 , 0
1092.7667532883065 , 1101.2716543235779 , 1103.0954752443959 , 0
1095.3113855592683 , 1100.9984155659 , 1103.9330326904424 , 0
1096.014034003883 , 1103.0954752443959 , 1105.7689106075889 , 0
1099.1078123618947 , 1103.9330326904424 , 1106.787552638071 , 0
1102.749774483855 , 1105.7689106075889 , 1107.7946395565405 , 0
1099.5395383770713 , 1106.787552638071 , 1108.9540722274612 , 0
1105.4846690688216 , 1107.7946395565405 , 1111.5171417774147 , 0
1105.2132707763424 , 1108.9540722274612 , 1111.6830592372821 , 0
1106.3305907264605 , 1111.6830592372821 , 1113.6227398673063 , 0
1106.1312491738997 , 1111.5171417774147 , 1114.4961748376768 , 0
1106.3391662400913 , 1114.4961748376768 , 1116.9416763478796 , 0
1106.7061130117286 , 1113.6227398673063 , 1117.3397824544722 , 0
1112.5203741797695 , 1116.9416763478796 , 1121.2904257202592 , 0
1120.8134741807778 , 1120.8134741807778 , 1122.8503918899864 , 0
1111.9427060281994 , 1117.3397824544722 , 1123.0845858106932 , 0
1113.6184515192265 , 1121.2904257202592 , 1123.7776359482452 , 0
1112.6545295422086 , 1123.0845858106932 , 1124.7063975007384 , 0
1116.7472854242524 , 1123.7776359482452 , 1126.1524854886088 , 0
1116.159430304959 , 1124.7063975007384 , 1127.665247445489 , 0
1117.6143299107432 , 1126.1524854886088 , 1127.9582751897728 , 0
1118.737779551377 , 1127.9582751897728 , 1129.8090155007474 , 0
1128.465290796454 , 1128.465290796454 , 1131.120674137487 , 0
1117.456870068616 , 1127.665247445489 , 1132.9276440874473 , 0
1122.3745870266107 , 1129.8090155007474 , 1132.9395647052556 , 0
1128.9999433531345 , 1131.120674137487 , 1134.2763128454633 , 0
1117.945316741442 , 1132.9276440874473 , 1135.6442547683687 , 0
1127.405629122467 , 1132.9395647052556 , 1136.2314328026778 , 0
1123.860300130743 , 1135.6442547683687 , 1137.1076585038127 , 0
1127.5017433222397 , 1136.2314328026778 , 1137.2922182058142 , 0
1130.366372089024 , 1134.2763128454633 , 1138.0635959555561 , 0
1126.092006929571 , 1137.1076585038127 , 1138.8181238825343 , 0
1128.3813508641902 , 1137.2922182058142 , 1139.7911082464905 , 0
1127.76320384788 , 1138.8181238825343 , 1140.6468298782304 , 0
1136.4956323685496 , 1140.6468298782304 , 1141.244878519217 , 0
1131.7984730644675 , 1138.0635959555561 , 1141.31959738453 , 0
1136.438730587647 , 1139.7911082464905 , 1142.280584563696 , 0
1132.6449364335056 , 1141.31959738453 , 1143.636382629511 , 0
1138.8790590531848 , 1141.244878519217 , 1144.552486180041 , 0
1136.6106701530055 , 1142.280584563696 , 1144.6750756492565 , 0
1139.575250967391 , 1144.552486180041 , 1145.7787887755817 , 0
1134.3573636120575 , 1143.636382629511 , 1146.5319328705125 , 0
1142.8365610181265 , 1145.7787887755817 , 1147.6262971108877 , 0
1140.448088547657 , 1144.6750756492565 , 1148.3140919475402 , 0
1145.5276281581641 , 1147.6262971108877 , 1149.5104803769668 , 0
1139.3706814866985 , 1146.5319328705125 , 1150.8104334573675 , 0
1143.0664946066854 , 1148.3140919475402 , 1151.8715607873175 , 0
1146.156593940998 , 1149.5104803769668 , 1152.1553262316058 , 0
1143.3507615200076 , 1150.8104334573675 , 1155.260356044245 , 0
1146.4706419593658 , 1151.8715607873175 , 1155.5947451375519 , 0
1155.130548362734 , 1155.130548362734 , 1157.725530792155 , 0
1149.6075211946736 , 1155.5947451375519 , 1159.466123710011 , 0
1151.6964230970784 , 1159.466123710011 , 1159.8085797379013 , 0
1147.3804747626496 , 1155.260356044245 , 1159.9819678446243 , 0
1151.0630280124985 , 1159.9819678446243 , 1161.6202105511989 , 0
1153.7739926344111 , 1159.8085797379013 , 1161.6528232498943 , 0
1157.1167256195101 , 1157.725530792155 , 1161.73150507803 , 0
1157.3550514614094 , 1161.73150507803 , 1162.9535416332155 , 0
1157.7619668925308 , 1162.9535416332155 , 1163.056653383185 , 0
1151.4206967657728 , 1161.6202105511989 , 1163.2470773289383 , 0
1159.5641081550352 , 1163.056653383185 , 1164.916075926239 , 0
1154.622030821515 , 1161.6528232498943 , 1164.9790717280064 , 0
1154.463940728044 , 1163.2470773289383 , 1165.441226130092 , 0
1162.4196545270945 , 1164.916075926239 , 1167.719285137042 , 0
1156.0523025589823 , 1164.9790717280064 , 1167.832458929763 , 0
1155.41023734485 , 1165.441226130092 , 1168.1906739169046 , 0
1163.8302662587487 , 1167.719285137042 , 1170.3965420420059 , 0
1160.3117535558285 , 1168.1906739169046 , 1171.737267073721 , 0
1160.0745134235299 , 1167.832458929763 , 1171.8527886944444 , 0
1162.674489985306 , 1171.8527886944444 , 1173.7137061406197 , 0
1165.154800036246 , 1170.3965420420059 , 1174.4092661008874 , 0
1169.1705768173176 , 1173.7137061406197 , 1175.7762770979464 , 0
1162.8955617628822 , 1171.737267073721 , 1176.4030677786864 , 0
1168.3275279742306 , 1174.4092661008874 , 1177.0801694443176 , 0
1166.87611826404 , 1176.4030677786864 , 1179.2956864197974 , 0
1174.377000196336 , 1179.2956864197974 , 1180.1067623964527 , 0
1170.924396722978 , 1177.0801694443176 , 1181.1414259811104 , 0
1177.0470647697596 , 1180.1067623964527 , 1182.9184867863803 , 0
1174.900743297046 , 1181.1414259811104 , 1185.101392050633 , 0
1177.9273729302386 , 1182.9184867863803 , 1186.6644705105086 , 0
1177.8242773948189 , 1185.101392050633 , 1187.3491859679257 , 0
1178.0242362650567 , 1187.3491859679257 , 1188.0228666466746 , 0
1179.2098535212126 , 1186.6644705105086 , 1188.2407744585846 , 0
1179.4783496300063 , 1188.2407744585846 , 1190.7595696993405 , 0
1184.2798749034525 , 1190.7595696993405 , 1191.539094712892 , 0
1184.4500567653668 , 1188.0228666466746 , 1192.7684261355191 , 0
1187.7998715776705 , 1191.539094712892 , 1194.0364908428269 , 0
1187.79082794994 , 1192.7684261355191 , 1196.0072412399295 , 0
1190.1930082075291 , 1194.0364908428269 , 1196.0406630008838 , 0
1188.43592387159 , 1196.0072412399295 , 1196.6723385817584 , 0
1192.5752524192567 , 1196.0406630008838 , 1199.7060204529928 , 0
1190.495625089692 , 1196.6723385817584 , 1200.024533680062 , 0
1194.7645558275547 , 1200.024533680062 , 1200.702067141952 , 0
1193.474902323308 , 1199.7060204529928 , 1201.6873130199276 , 0
1198.3666566631762 , 1198.3666566631762 , 1202.1242228285496 , 0
1195.8367863692765 , 1200.702067141952 , 1203.5234833526943 , 0
1194.0652223098057 , 1201.6873130199276 , 1203.8716919128967 , 0
1198.4709123176342 , 1202.1242228285496 , 1204.8227829366406 , 0
1196.343934854993 , 1203.5234833526943 , 1204.9206432111575 , 0
1195.6324853086967 , 1203.8716919128967 , 1205.682393758858 , 0
1197.722555520963 , 1204.9206432111575 , 1206.68858451647 , 0
1199.0676075554713 , 1204.8227829366406 , 1207.0563557549299 , 0
1196.0475304854187 , 1205.682393758858 , 1208.9178320061342 , 0
1199.5855078666873 , 1207.0563557549299 , 1209.7478014868407 , 0
1200.9346066159883 , 1206.68858451647 , 1210.312511621566 , 0
1200.2254460748286 , 1208.9178320061342 , 1210.7080627015173 , 0
1206.2242877001302 , 1210.7080627015173 , 1213.4523901955629 , 0
1201.4859271217758 , 1210.312511621566 , 1213.5635979700996 , 0
1202.5299869797734 , 1209.7478014868407 , 1215.2681607620436 , 0
1214.2130132765778 , 1215.2681607620436 , 1216.1387938035175 , 0
1207.784049704229 , 1213.5635979700996 , 1216.8403775999338 , 0
1210.3909795070049 , 1213.4523901955629 , 1217.7853416185478 , 0
1214.4349830102274 , 1216.8403775999338 , 1218.1649216402077 , 0
1216.9364984009546 , 1216.9364984009546 , 1218.5946382096201 , 0
1218.3639898621116 , 1218.3639898621116 , 1220.9330409272013 , 0
1218.0449782406818 , 1218.5946382096201 , 1221.6681217286196 , 0
1218.888132344286 , 1220.9330409272013 , 1222.4948466999338 , 0
1219.9802507461593 , 1222.4948466999338 , 1225.2934164249532 , 0
1218.8295806565575 , 1221.6681217286196 , 1226.2740528786417 , 0
1221.1345225481336 , 1225.2934164249532 , 1227.132952545347 , 0
1220.022688584498 , 1226.2740528786417 , 1228.4765225798815 , 0
1221.3005794716341 , 1227.132952545347 , 1229.6909746408583 , 0
1222.5232191217851 , 1229.6909746408583 , 1231.4126640930976 , 0
1222.51501146488 , 1228.4765225798815 , 1231.5488402494807 , 0
1223.9691646983215 , 1231.4126640930976 , 1233.6639643335125 , 0
1223.8481214333142 , 1231.5488402494807 , 1233.9850928126202 , 0
1226.4377705786217 , 1233.9850928126202 , 1236.3870811040554 , 0
1228.8166866536783 , 1236.3870811040554 , 1238.8556109497965 , 0
1225.3337160472427 , 1233.6639643335125 , 1238.9932912666259 , 0
1237.453062711441 , 1237.453062711441 , 1239.4351772484727 , 0
1235.1088858608832 , 1238.8556109497965 , 1240.8927171409864 , 0
1232.2610744484452 , 1238.9932912666259 , 1242.2220946277814 , 0
1236.0101921478506 , 1240.8927171409864 , 1242.306619383278 , 0
1238.1558037712086 , 1239.4351772484727 , 1244.1255391803525 , 0
1233.9757155451434 , 1242.2220946277814 , 1245.7167933394137 , 0
1236.5617123235156 , 1242.306619383278 , 1245.911592810633 , 0
1236.9728349179638 , 1245.911592810633 , 1247.1520333901194 , 0
1238.2206985559071 , 1244.1255391803525 , 1247.244092255889 , 0
1235.7700125505069 , 1245.7167933394137 , 1250.421901170817 , 0
1241.362222317213 , 1247.1520333901194 , 1250.4967737873087 , 0
1238.959111475861 , 1247.244092255889 , 1251.6782663500817 , 0
1236.1750560486867 , 1250.421901170817 , 1252.7444797890967 , 0
1244.7862483684207 , 1250.4967737873087 , 1254.3796909971184 , 0
1240.3785019834909 , 1252.7444797890967 , 1255.4451159515934 , 0
1239.3371886088519 , 1251.6782663500817 , 1257.0200359535183 , 0
1247.1938645879673 , 1254.3796909971184 , 1257.7434392297469 , 0
1250.577610644604 , 1255.4451159515934 , 1258.8427397645273 , 0
1250.59862940107 , 1257.7434392297469 , 1260.170000133769 , 0
1240.0195819442083 , 1257.0200359535183 , 1260.4309363372288 , 0
1258.4576436090126 , 1258.4576436090126 , 1261.0020135693746 , 0
1250.617121454923 , 1258.8427397645273 , 1261.7538183602333 , 0
1253.6333363702165 , 1260.170000133769 , 1262.3347592808395 , 0
1244.9149381400955 , 1260.4309363372288 , 1263.5149158949916 , 0
1252.9996164791019 , 1263.5149158949916 , 1264.6342075361058 , 0
1254.4953008811876 , 1262.3347592808395 , 1264.8885495468182 , 0
1253.4072149298554 , 1261.7538183602333 , 1265.0130351984265 , 0
1254.583362649284 , 1264.6342075361058 , 1266.0254746865226 , 0
1258.6292183043918 , 1261.0020135693746 , 1266.4245667592315 , 0
1257.8591405255122 , 1264.8885495468182 , 1267.7522024924203 , 0
1257.0513991340783 , 1266.0254746865226 , 1269.5805047144297 , 0
1256.877893835075 , 1265.0130351984265 , 1269.697917514562 , 0
1259.9287564144327 , 1266.4245667592315 , 1270.4404455864692 , 0
1258.3427854666454 , 1267.7522024924203 , 1271.5274283891197 , 0
1262.4450364386707 , 1271.5274283891197 , 1272.358715269202 , 0
1262.5576447786314 , 1269.5805047144297 , 1272.4777884247626 , 0
1260.0961772010228 , 1270.4404455864692 , 1272.772357436765 , 0
1257.687205144749 , 1269.697917514562 , 1273.317169977318 , 0
1263.7758752121658 , 1272.4777884247626 , 1275.4315424097902 , 0
1260.9089008173282 , 1272.772357436765 , 1275.9120131182722 , 0
1263.7910082750047 , 1272.358715269202 , 1276.009159124533 , 0
1261.814851041171 , 1273.317169977318 , 1276.9771488483977 , 0
1266.5334053193533 , 1275.4315424097902 , 1277.1579455170117 , 0
1269.4286358927545 , 1276.009159124533 , 1277.6164847048572 , 0
1262.9957580699497 , 1276.9771488483977 , 1278.9185521779546 , 0
1270.4037937504431 , 1277.1579455170117 , 1279.364355908642 , 0
1261.2121742440947 , 1275.9120131182722 , 1279.4895068676 , 0
1272.46122397302 , 1277.6164847048572 , 1281.0270552125442 , 0
1271.4422594715534 , 1278.9185521779546 , 1281.113810781524 , 0
1269.5348782536635 , 1279.4895068676 , 1282.1977241275374 , 0
1273.4568045398341 , 1279.364355908642 , 1282.3253233045498 , 0
1275.022547212343 , 1281.113810781524 , 1283.5992723465756 , 0
1272.8320862606322 , 1282.1977241275374 , 1284.2233251848247 , 0
1276.2512836031165 , 1281.0270552125442 , 1284.8235358564812 , 0
1275.816814710313 , 1282.3253233045498 , 1285.2541948896348 , 0
1279.2432098389656 , 1284.2233251848247 , 1286.3632902766487 , 0
1278.649022928591 , 1284.8235358564812 , 1286.6072215259892 , 0
1279.1307917363183 , 1283.5992723465756 , 1287.0611644063183 , 0
1281.7698257985749 , 1287.0611644063183 , 1289.167025353407 , 0
1283.5863616296492 , 1286.3632902766487 , 1289.2457910796657 , 0
1279.3319727857183 , 1285.2541948896348 , 1290.0175172493225 , 0
1284.6100855285995 , 1289.2457910796657 , 1292.1533005722556 , 0
1284.101067233596 , 1290.0175172493225 , 1292.648896505063 , 0
1285.1734428149375 , 1289.167025353407 , 1292.6858114932454 , 0
1286.4862350141157 , 1292.1533005722556 , 1294.944755485155 , 0
1289.1398697914221 , 1292.6858114932454 , 1295.8107395135903 , 0
1287.8382803922368 , 1292.648896505063 , 1296.2732216412664 , 0
1289.3644964873354 , 1294.944755485155 , 1296.7272422235935 , 0
1290.6360690051117 , 1295.8107395135903 , 1298.6834325073164 , 0
1290.4055238786784 , 1296.2732216412664 , 1299.284381420983 , 0
1294.4044899001885 , 1299.284381420983 , 1300.2185305186597 , 0
1292.0146498925362 , 1296.7272422235935 , 1300.4493714745715 , 0
1294.406860329889 , 1298.6834325073164 , 1301.0655964929804 , 0
1294.4216476123684 , 1300.4493714745715 , 1302.3791271995867 , 0
1296.3817055367908 , 1300.2185305186597 , 1303.7882354013213 , 0
1296.0476341019835 , 1301.0655964929804 , 1303.9837240649313 , 0
1299.3920702611922 , 1303.7882354013213 , 1305.8282158351512 , 0
1295.6686367338555 , 1302.3791271995867 , 1305.892628768895 , 0
1300.4123118528826 , 1305.8282158351512 , 1307.0407779651464 , 0
1300.7140042701817 , 1303.9837240649313 , 1307.6168599763678 , 0
1297.1613153914973 , 1305.892628768895 , 1308.8047644742403 , 0
1301.1479663791806 , 1307.6168599763678 , 1309.492601497675 , 0
1304.5795057515638 , 1307.0407779651464 , 1311.1827434187608 , 0
1302.7758392009487 , 1308.8047644742403 , 1311.4005976030194 , 0
1304.5797264211778 , 1309.492601497675 , 1311.5228408369933 , 0
1304.874415965934 , 1311.1827434187608 , 1313.5350788094731 , 0
1307.8124747554507 , 1311.5228408369933 , 1313.8858062776321 , 0
1308.7908161044625 , 1313.8858062776321 , 1314.8886714656535 , 0
1303.5451663911451 , 1311.4005976030194 , 1315.1593281675382 , 0
1306.794973702765 , 1313.5350788094731 , 1316.641269786274 , 0
1306.340097835989 , 1315.1593281675382 , 1317.5791074524352 , 0
1307.2105288628507 , 1316.641269786274 , 1318.6122351019942 , 0
1310.275572886722 , 1314.8886714656535 , 1319.6959708254913 , 0
1313.100302496859 , 1318.6122351019942 , 1320.0014160492733 , 0
1309.2144453591452 , 1317.5791074524352 , 1320.732918718876 , 0
1313.2472463590077 , 1319.6959708254913 , 1322.1739544313664 , 0
1311.8459498801953 , 1320.732918718876 , 1323.0626621742417 , 0
1314.9752486437906 , 1322.1739544313664 , 1325.3187100979328 , 0
1318.448804497213 , 1323.0626621742417 , 1326.2058024385485 , 0
1318.9634263194075 , 1325.3187100979328 , 1327.9637551624364 , 0
1318.9255260479717 , 1326.2058024385485 , 1330.1083968880928 , 0
1322.5037813391227 , 1327.9637551624364 , 1331.859812229044 , 0
1321.564329866008 , 1330.1083968880928 , 1333.6865194531792 , 0
1322.8181432108397 , 1331.859812229044 , 1333.8189168088422 , 0
1324.915175042604 , 1333.8189168088422 , 1334.8092673734702 , 0
1328.9037499136405 , 1334.8092673734702 , 1336.3678173518938 , 0
1331.1072489636274 , 1336.3678173518938 , 1336.6754733426405 , 0
1324.073264156634 , 1333.6865194531792 , 1336.7115035709228 , 0
1333.6243602613138 , 1336.6754733426405 , 1337.3325036511098 , 0
1324.621243572871 , 1336.7115035709228 , 1339.807682548429 , 0
1326.68739551883 , 1339.807682548429 , 1340.4724133454897 , 0
1330.6259608204564 , 1340.4724133454897 , 1341.7137235329512 , 0
1334.9250265999483 , 1337.3325036511098 , 1342.4565276968408 , 0
1336.8248280466626 , 1341.7137235329512 , 1344.08846143961 , 0
1336.798234294867 , 1342.4565276968408 , 1345.2778836079794 , 0
1343.5666332898866 , 1343.5666332898866 , 1345.6502894698058 , 0
1344.6414758341357 , 1345.6502894698058 , 1346.3829848020303 , 0
1338.3916018158727 , 1344.08846143961 , 1346.4102919649085 , 0
1337.1000457287746 , 1345.2778836079794 , 1347.1391972152107 , 0
1346.2873425419507 , 1346.2873425419507 , 1349.051587889167 , 0
1341.0101994708707 , 1346.4102919649085 , 1349.125186398086 , 0
1344.68425301849 , 1346.3829848020303 , 1349.8331905706914 , 0
1337.671001824881 , 1347.1391972152107 , 1350.682897702907 , 0
1345.6207113970872 , 1349.8331905706914 , 1351.3397781017434 , 0
1342.9522276894131 , 1350.682897702907 , 1352.414778537567 , 0
1345.739621461175 , 1351.3397781017434 , 1353.3232726837507 , 0
1342.6752741009927 , 1349.125186398086 , 1353.6114728363411 , 0
1346.270435969573 , 1353.3232726837507 , 1354.7307320818968 , 0
1343.3008530295085 , 1352.414778537567 , 1354.796826602066 , 0
1350.973043285623 , 1354.7307320818968 , 1356.2648068841477 , 0
1343.2336236912133 , 1353.6114728363411 , 1356.9983899869867 , 0
1346.2578060134022 , 1354.796826602066 , 1357.8574757935917 , 0
1344.2404940685751 , 1356.9983899869867 , 1359.1928011954196 , 0
1352.261911383813 , 1356.2648068841477 , 1359.6016601720228 , 0
1348.8963513816955 , 1357.8574757935917 , 1360.0812160104474 , 0
1348.8699972863103 , 1359.1928011954196 , 1360.9260110362577 , 0
1351.2399973077445 , 1360.0812160104474 , 1362.1611315766556 , 0
1353.4985713582496 , 1359.6016601720228 , 1362.476718501108 , 0
1351.035546446307 , 1360.9260110362577 , 1363.401051866438 , 0
1353.526356350874 , 1362.1611315766556 , 1364.3448492488599 , 0
1355.2885071249173 , 1362.476718501108 , 1364.9337772823947 , 0
1359.350610404099 , 1364.3448492488599 , 1365.4967164438772 , 0
1357.1025793166227 , 1363.401051866438 , 1366.2694579913195 , 0
1356.4997835584923 , 1364.9337772823947 , 1368.0326700702583 , 0
1360.1205969560726 , 1365.4967164438772 , 1368.5026957127993 , 0
1359.737924291675 , 1368.0326700702583 , 1369.6200141182524 , 0
1357.1583726918147 , 1366.2694579913195 , 1370.3289332700442 , 0
1360.6024989921727 , 1368.5026957127993 , 1371.3524320219994 , 0
1359.7655731633795 , 1370.3289332700442 , 1372.4618339208134 , 0
1364.8304303400955 , 1371.3524320219994 , 1372.690010899969 , 0
1363.1047756222426 , 1369.6200141182524 , 1372.7969291628344 , 0
1365.854543848627 , 1372.690010899969 , 1376.1548694525384 , 0
1366.9568475406709 , 1372.7969291628344 , 1376.2070460927744 , 0
1362.0675060158935 , 1372.4618339208134 , 1376.836018607025 , 0
1368.033485911078 , 1376.2070460927744 , 1377.9616310548654 , 0
1370.2371431334036 , 1376.1548694525384 , 1378.3117363969934 , 0
1363.8368349066548 , 1376.836018607025 , 1379.3213905952061 , 0
1371.7463306178358 , 1377.9616310548654 , 1379.439861139657 , 0
1371.608789596795 , 1378.3117363969934 , 1380.0765551203372 , 0
1373.6808281802962 , 1379.439861139657 , 1380.0879756074144 , 0
1376.8044643848818 , 1380.0879756074144 , 1380.984600252813 , 0
1368.376911057608 , 1379.3213905952061 , 1382.1355031261687 , 0
1372.8765067648244 , 1380.0765551203372 , 1383.4442687130063 , 0
1381.8830986541425 , 1381.8830986541425 , 1383.7097652114178 , 0
1372.1720055694725 , 1382.1355031261687 , 1384.3354748353206 , 0
1375.3507979297995 , 1383.4442687130063 , 1385.3213436061735 , 0
1382.8284463620344 , 1383.7097652114178 , 1386.2530752167083 , 0
1374.2030354745482 , 1384.3354748353206 , 1388.247605653081 , 0
1380.3244656198262 , 1385.3213436061735 , 1389.8004189939818 , 0
1387.9848167734758 , 1387.9848167734758 , 1391.6559895316075 , 0
1377.2491814332236 , 1388.247605653081 , 1392.0993943491235 , 0
1380.5024828495655 , 1389.8004189939818 , 1393.9132855070534 , 0
1392.2101325861017 , 1392.2101325861017 , 1394.3312954888997 , 0
1381.3858026956066 , 1392.0993943491235 , 1394.913982429414 , 0
1392.3169841239035 , 1394.3312954888997 , 1397.0351912061847 , 0
1381.8045210226155 , 1393.9132855070534 , 1397.6527401073984 , 0
1384.0665145138382 , 1397.6527401073984 , 1398.8255663415732 , 0
1396.5837630340966 , 1396.5837630340966 , 1399.0640889819863 , 0
1392.7807665901487 , 1397.0351912061847 , 1399.5574213129653 , 0
1382.3455777380702 , 1394.913982429414 , 1399.5601660332052 , 0
1387.3552742597221 , 1398.8255663415732 , 1400.3589067392293 , 0
1396.8886203463553 , 1399.0640889819863 , 1401.9611062187544 , 0
1385.9912263505869 , 1399.5601660332052 , 1402.3870814684215 , 0
1390.4119647395644 , 1400.3589067392293 , 1402.7879269325995 , 0
1392.9140190194598 , 1399.5574213129653 , 1404.2301678032352 , 0
1397.7477074331798 , 1401.9611062187544 , 1404.4408537272486 , 0
1393.93756859775 , 1402.7879269325995 , 1404.9044602151673 , 0
1402.1386522487492 , 1404.9044602151673 , 1405.0979658700749 , 0
1389.35333106257 , 1402.3870814684215 , 1405.4764702091472 , 0
1403.6714261827728 , 1405.0979658700749 , 1407.194819475453 , 0
1394.0218719245534 , 1404.2301678032352 , 1407.314452876986 , 0
1398.6193216545446 , 1404.4408537272486 , 1407.432081963827 , 0
1399.5477943022609 , 1407.432081963827 , 1407.4487486304936 , 0
1392.1612050801332 , 1405.4764702091472 , 1409.4349192142956 , 0
1404.47280251465 , 1407.4487486304936 , 1409.8705612058873 , 0
1394.7000784698778 , 1407.314452876986 , 1410.108325867355 , 0
1408.6599110912578 , 1408.6599110912578 , 1411.070718812726 , 0
1396.2098107557051 , 1409.4349192142956 , 1412.0438634417815 , 0
1404.3863114982375 , 1410.108325867355 , 1413.6874439934365 , 0
1404.821356312113 , 1412.0438634417815 , 1415.0940321216287 , 0
1407.571992963685 , 1413.6874439934365 , 1415.411111472403 , 0
1405.7196678039838 , 1415.0940321216287 , 1415.750958799324 , 0
1407.869195881703 , 1415.411111472403 , 1418.382654366933 , 0
1408.0087031722346 , 1415.750958799324 , 1419.21823575657 , 0
1411.555241264233 , 1419.21823575657 , 1421.183594979683 , 0
1408.604925966039 , 1418.382654366933 , 1423.2014007095077 , 0
1417.0068523945001 , 1421.183594979683 , 1424.4202965889879 , 0
1426.4918838624778 , 1426.4918838624778 , 1426.6928090462138 , 0
1415.442050132839 , 1423.2014007095077 , 1427.4628355911834 , 0
1419.1942452472206 , 1424.4202965889879 , 1428.0949072172757 , 0
1419.0305308152567 , 1427.4628355911834 , 1428.9679558637774 , 0
1427.408368047861 , 1427.408368047861 , 1430.0143777361804 , 0
1419.497279467759 , 1428.0949072172757 , 1430.1193881286943 , 0
1421.9344203747912 , 1428.9679558637774 , 1430.1315080565896 , 0
1421.6805190263683 , 1430.1193881286943 , 1432.7552427404519 , 0
1428.5340535824384 , 1430.0143777361804 , 1432.849083622224 , 0
1423.582301664266 , 1430.1315080565896 , 1434.231822121049 , 0
1422.0792351902528 , 1432.7552427404519 , 1434.275882785028 , 0
1423.742450372709 , 1434.231822121049 , 1436.3939243194475 , 0
1424.6750570760541 , 1434.275882785028 , 1436.8780251760963 , 0
1428.8361980009902 , 1432.849083622224 , 1438.3689077846716 , 0
1428.343478501626 , 1436.8780251760963 , 1439.8104710919474 , 0
1427.7565138003442 , 1436.3939243194475 , 1439.823254831153 , 0
